path	category	notes
./Documentation/devicetree/bindings/arm/sprd/sprd.yaml	USE-MOTO	common:sprd
./Documentation/devicetree/bindings/clock/sprd,ums512-clk.yaml	COPY	new:sprd
./Documentation/devicetree/bindings/cpufreq/cpufreq-sprd-hw.yaml	COPY	new:sprd
./Documentation/devicetree/bindings/devfreq/sprd/sprd,ddr-dvfs.txt	COPY	new:sprd
./Documentation/devicetree/bindings/iio/sprd_hub/sprd,sensorhub.yaml	COPY	new:sprd
./Documentation/devicetree/bindings/input/sprd-keypad.yaml	COPY	new:sprd
./Documentation/devicetree/bindings/leds/leds-sc27xx-bltc.txt	USE-MOTO	common:sprd
./Documentation/devicetree/bindings/mmc/sdhci-sprd.txt	USE-MOTO	common:sprd
./Documentation/devicetree/bindings/nvmem/sc27xx-efuse.txt	USE-MOTO	common:sprd
./Documentation/devicetree/bindings/pci/amlogic,meson-pcie.txt	SKIP	new:skip
./Documentation/devicetree/bindings/power/reset/sc27xx-poweroff.txt	COPY	new:sprd
./Documentation/devicetree/bindings/pwm/pwm-sprd.txt	USE-MOTO	common:sprd
./Documentation/devicetree/bindings/serial/sprd-uart.yaml	USE-MOTO	common:sprd
./Documentation/devicetree/bindings/soc/sprd/sprd,7sreset.txt	COPY	new:sprd
./Documentation/devicetree/bindings/soc/sprd/sprd,seth.yaml	COPY	new:sprd
./Documentation/devicetree/bindings/soc/sprd/sprd,sfp.yaml	COPY	new:sprd
./Documentation/devicetree/bindings/spi/sprd,spi-adi.yaml	USE-MOTO	common:sprd
./Documentation/devicetree/bindings/unisoc_platform/power/sprd,powerdebug.yaml	COPY	new:sprd
./Documentation/devicetree/bindings/unisoc_platform/power/sprd,powerstat.yaml	COPY	new:sprd
./Documentation/devicetree/bindings/unisoc_platform/pub/sprd,dmc.txt	COPY	new:sprd
./Documentation/devicetree/bindings/unisoc_platform/sprd,7sreset.txt	COPY	new:sprd
./Documentation/devicetree/bindings/unisoc_platform/sprd,autotest.yaml	COPY	new:sprd
./Documentation/devicetree/bindings/unisoc_platform/sprd,pmic_syscon.txt	COPY	new:sprd
./Documentation/devicetree/bindings/watchdog/sprd-fiq-wdt.txt	COPY	new:sprd
./Documentation/devicetree/bindings/watchdog/sprd-pmic-wdt.txt	COPY	new:sprd
./Documentation/sprd-configs.txt	COPY	new:sprd
./Documentation/sprd-gki-choice-config	COPY	new:sprd
./Documentation/sprd-gki-diff-config	COPY	new:sprd
./Documentation/sprd-tags.txt	COPY	new:sprd
./Documentation/unisoc/Open-Source-Agreement	COPY	new:sprd
./Documentation/unisoc/REVIEWERS	COPY	new:sprd
./Documentation/unisoc/config-checklist.txt	COPY	new:sprd
./Documentation/unisoc/patch-tags.txt	COPY	new:sprd
./SPRD-REVIEWERS	COPY	new:sprd
./android/abi_gki_aarch64_unisoc	USE-MOTO	common:sprd
./arch/arm/Kconfig	WIRING	kbuild:unisoc-marker
./arch/arm/boot/dts/Makefile	WIRING	kbuild:unisoc-marker
./arch/arm/boot/dts/lcd/lcd_dummy_mipi.dtsi	SKIP	new:skip
./arch/arm/boot/dts/lcd/lcd_ili9881c_3lane_mipi_fhd.dtsi	SKIP	new:skip
./arch/arm/boot/dts/lcd/lcd_ili9881c_truly_mipi_hd.dtsi	SKIP	new:skip
./arch/arm/boot/dts/lcd/lcd_nt35532_truly_mipi_fhd.dtsi	SKIP	new:skip
./arch/arm/boot/dts/lcd/lcd_nt35596_boe_mipi_fhd.dtsi	SKIP	new:skip
./arch/arm/boot/dts/lcd/lcd_nt35695_truly_mipi_fhd.dtsi	SKIP	new:skip
./arch/arm/boot/dts/lcd/lcd_r61350_truly_mipi_hd.dtsi	SKIP	new:skip
./arch/arm/boot/dts/lcd/lcd_r61350_truly_mipi_hd_v2.dtsi	SKIP	new:skip
./arch/arm/boot/dts/pike2.dtsi	SKIP	new:skip
./arch/arm/boot/dts/sc2720.dtsi	COPY	new:sprd
./arch/arm/boot/dts/sc2721.dtsi	COPY	new:sprd
./arch/arm/boot/dts/sc7731e-modem.dtsi	SKIP	new:skip
./arch/arm/boot/dts/sc7731e-wcn.dtsi	SKIP	new:skip
./arch/arm/boot/dts/sc7731e.dtsi	SKIP	new:skip
./arch/arm/boot/dts/sc9832e-modem.dtsi	SKIP	new:skip
./arch/arm/boot/dts/sc9832e-wcn.dtsi	SKIP	new:skip
./arch/arm/boot/dts/sc9832e.dtsi	SKIP	new:skip
./arch/arm/boot/dts/sc9863a-modem.dtsi	SKIP	new:skip
./arch/arm/boot/dts/sc9863a-wcn.dtsi	SKIP	new:skip
./arch/arm/boot/dts/sc9863a.dtsi	SKIP	new:skip
./arch/arm/boot/dts/sharkl3.dtsi	COPY	new:sprd
./arch/arm/boot/dts/sharkle.dtsi	COPY	new:sprd
./arch/arm/boot/dts/sp7731e-1h10-overlay.dts	SKIP	new:skip
./arch/arm/boot/dts/sp7731e-base.dts	SKIP	new:skip
./arch/arm/boot/dts/sp7731e-mach.dtsi	SKIP	new:skip
./arch/arm/boot/dts/sp9832e-1h10_go-overlay.dts	SKIP	new:skip
./arch/arm/boot/dts/sp9832e-base.dts	SKIP	new:skip
./arch/arm/boot/dts/sp9832e-go-mach.dtsi	SKIP	new:skip
./arch/arm/boot/dts/sp9863a-1h10-go_32b-overlay.dts	SKIP	new:skip
./arch/arm/boot/dts/sp9863a-base.dts	SKIP	new:skip
./arch/arm/boot/dts/sp9863a-mach.dtsi	SKIP	new:skip
./arch/arm/boot/dts/sprd-sound-sharkl.dtsi	COPY	new:sprd
./arch/arm/boot/dts/sprd-sound.dtsi	COPY	new:sprd
./arch/arm/boot/dts/wcn/chip/wcn-integrate-pike2-register.dtsi	SKIP	new:skip
./arch/arm/boot/dts/wcn/chip/wcn-integrate-sharkl3-register.dtsi	COPY	new:sprd
./arch/arm/boot/dts/wcn/chip/wcn-integrate-sharkl6-register.dtsi	COPY	new:sprd
./arch/arm/boot/dts/wcn/chip/wcn-integrate-sharkle-register.dtsi	COPY	new:sprd
./arch/arm/boot/dts/wcn/chip/wcn-marlin3-sc2355-register.dtsi	SKIP	new:skip
./arch/arm/boot/dts/wcn/chip/wcn-marlin3e-umw2653-register.dtsi	SKIP	new:skip
./arch/arm/boot/dts/wcn/chip/wcn-marlin3lite-umw2652-register.dtsi	SKIP	new:skip
./arch/arm/boot/dts/wcn/interface/wcn-pcie-register.dtsi	SKIP	new:skip
./arch/arm/boot/dts/wcn/interface/wcn-sdio-register.dtsi	SKIP	new:skip
./arch/arm/boot/dts/wcn/wcn_modules.h	SKIP	new:skip
./arch/arm/configs/ikt.fragment	SKIP	new:skip
./arch/arm/configs/sprd_defconfig	COPY	new:sprd
./arch/arm/configs/sprd_pike2.fragment	COPY	new:sprd
./arch/arm/configs/sprd_pike2_debug.fragment	COPY	new:sprd
./arch/arm/configs/sprd_sharkl3.fragment	COPY	new:sprd
./arch/arm/configs/sprd_sharkl3_debug.fragment	COPY	new:sprd
./arch/arm/configs/sprd_sharkle.fragment	COPY	new:sprd
./arch/arm/configs/sprd_sharkle_debug.fragment	COPY	new:sprd
./arch/arm/configs/unisoc_Skynet.fragment	COPY	new:sprd
./arch/arm/mach-pxa/include/mach/spitz.h	SKIP	new:skip
./arch/arm/mach-sprd/Kconfig	COPY	new:sprd
./arch/arm64/boot/dts/Makefile	WIRING	kbuild:unisoc-marker
./arch/arm64/boot/dts/sprd/Makefile	USE-MOTO	common:sprd
./arch/arm64/boot/dts/sprd/aux/screen_onoff_check.dtsi	COPY	new:sprd
./arch/arm64/boot/dts/sprd/battery/battery-common.dtsi	COPY	new:sprd
./arch/arm64/boot/dts/sprd/battery/sp9863a-1h10-go-overlay.dtsi	COPY	new:sprd
./arch/arm64/boot/dts/sprd/battery/sp9863a-1h10-overlay.dtsi	COPY	new:sprd
./arch/arm64/boot/dts/sprd/battery/ums312-2h10-overlay.dtsi	COPY	new:sprd
./arch/arm64/boot/dts/sprd/battery/ums512-1h10-go-overlay.dtsi	COPY	new:sprd
./arch/arm64/boot/dts/sprd/battery/ums512-1h10-overlay.dtsi	COPY	new:sprd
./arch/arm64/boot/dts/sprd/battery/ums512-1h10.dtsi	COPY	new:sprd
./arch/arm64/boot/dts/sprd/battery/ums9230-14c10-go-overlay.dtsi	COPY	new:sprd
./arch/arm64/boot/dts/sprd/battery/ums9230-1h10-overlay.dtsi	COPY	new:sprd
./arch/arm64/boot/dts/sprd/battery/ums9230-1h10_go-overlay.dtsi	COPY	new:sprd
./arch/arm64/boot/dts/sprd/battery/ums9230-4h10-go-overlay.dtsi	COPY	new:sprd
./arch/arm64/boot/dts/sprd/battery/ums9230-4h10-overlay.dtsi	COPY	new:sprd
./arch/arm64/boot/dts/sprd/battery/ums9230-6h10-go-overlay.dtsi	COPY	new:sprd
./arch/arm64/boot/dts/sprd/battery/ums9230-6h10-overlay.dtsi	COPY	new:sprd
./arch/arm64/boot/dts/sprd/battery/ums9610-haps-overlay.dtsi	COPY	new:sprd
./arch/arm64/boot/dts/sprd/battery/ums9610-zebu-flash-overlay.dtsi	COPY	new:sprd
./arch/arm64/boot/dts/sprd/battery/ums9620-1h10-overlay.dtsi	COPY	new:sprd
./arch/arm64/boot/dts/sprd/battery/ums9620-2h10-overlay.dtsi	COPY	new:sprd
./arch/arm64/boot/dts/sprd/battery/ums9620-2h10_manila-overlay.dtsi	COPY	new:sprd
./arch/arm64/boot/dts/sprd/battery/ums9621-1h10-overlay.dtsi	COPY	new:sprd
./arch/arm64/boot/dts/sprd/battery/ums9650-haps-overlay.dtsi	COPY	new:sprd
./arch/arm64/boot/dts/sprd/lcd/amoled_g2667fp108ff_visionox_mipi_fhd.dtsi	COPY	new:sprd
./arch/arm64/boot/dts/sprd/lcd/amoled_g3655fp103ff_visionox_mipi_fhd.dtsi	COPY	new:sprd
./arch/arm64/boot/dts/sprd/lcd/lcd_dummy_mipi.dtsi	COPY	new:sprd
./arch/arm64/boot/dts/sprd/lcd/lcd_g40396_truly_mipi_fhd.dtsi	COPY	new:sprd
./arch/arm64/boot/dts/sprd/lcd/lcd_icnl9922c_boe_120hz_mipi_fhd.dtsi	COPY	new:sprd
./arch/arm64/boot/dts/sprd/lcd/lcd_ili7807s_tianma_mipi_hd.dtsi	COPY	new:sprd
./arch/arm64/boot/dts/sprd/lcd/lcd_ili9881c_truly_mipi_hd.dtsi	COPY	new:sprd
./arch/arm64/boot/dts/sprd/lcd/lcd_ili9883c_txd_120hz_mipi_hd.dtsi	COPY	new:sprd
./arch/arm64/boot/dts/sprd/lcd/lcd_nt35532_truly_mipi_fhd.dtsi	COPY	new:sprd
./arch/arm64/boot/dts/sprd/lcd/lcd_nt35596_boe_mipi_fhd.dtsi	COPY	new:sprd
./arch/arm64/boot/dts/sprd/lcd/lcd_nt35695_truly_mipi_fhd.dtsi	COPY	new:sprd
./arch/arm64/boot/dts/sprd/lcd/lcd_nt36528_boe_mipi_hdp.dtsi	COPY	new:sprd
./arch/arm64/boot/dts/sprd/lcd/lcd_nt36528_dj_120hz_mipi_hd.dtsi	COPY	new:sprd
./arch/arm64/boot/dts/sprd/lcd/lcd_nt36528_kti_mipi_hdp.dtsi	COPY	new:sprd
./arch/arm64/boot/dts/sprd/lcd/lcd_nt36672c_truly_mipi_fhd.dtsi	COPY	new:sprd
./arch/arm64/boot/dts/sprd/lcd/lcd_nt36672e_truly_mipi_fhd.dtsi	COPY	new:sprd
./arch/arm64/boot/dts/sprd/lcd/lcd_nt36672e_truly_mipi_fhd_bp.dtsi	COPY	new:sprd
./arch/arm64/boot/dts/sprd/lcd/lcd_nt36672e_truly_mipi_fhd_nodsc.dtsi	COPY	new:sprd
./arch/arm64/boot/dts/sprd/lcd/lcd_nt36672e_truly_mipi_fhd_umb9230s.dtsi	COPY	new:sprd
./arch/arm64/boot/dts/sprd/lcd/lcd_r61350_truly_mipi_hd.dtsi	COPY	new:sprd
./arch/arm64/boot/dts/sprd/lcd/lcd_ssd2092_truly_mipi_fhd.dtsi	COPY	new:sprd
./arch/arm64/boot/dts/sprd/lcd/lcd_td4160_boe_mipi_hdp.dtsi	COPY	new:sprd
./arch/arm64/boot/dts/sprd/lcd/lcd_td4160_tcl_120hz_mipi_hd.dtsi	COPY	new:sprd
./arch/arm64/boot/dts/sprd/lcd/lcd_td4310_truly_mipi_fhd.dtsi	COPY	new:sprd
./arch/arm64/boot/dts/sprd/lcd/lcd_td4320_truly_mipi_fhd.dtsi	COPY	new:sprd
./arch/arm64/boot/dts/sprd/lcd/lcd_td4375_dijin_4lane_mipi_fhd.dtsi	COPY	new:sprd
./arch/arm64/boot/dts/sprd/lcd/lcd_td4376_tm_120hz_mipi_fhd.dtsi	COPY	new:sprd
./arch/arm64/boot/dts/sprd/recovery-udx710-module-m6.dts	COPY	new:sprd
./arch/arm64/boot/dts/sprd/reserved-memory/modem-4g-common.dtsi	COPY	new:sprd
./arch/arm64/boot/dts/sprd/reserved-memory/modem-5g-common.dtsi	COPY	new:sprd
./arch/arm64/boot/dts/sprd/reserved-memory/sp9863a-1h10-overlay.dtsi	COPY	new:sprd
./arch/arm64/boot/dts/sprd/reserved-memory/sp9863a-common.dtsi	COPY	new:sprd
./arch/arm64/boot/dts/sprd/reserved-memory/uis8520-common.dtsi	COPY	new:sprd
./arch/arm64/boot/dts/sprd/reserved-memory/ums312-2h10-overlay.dtsi	COPY	new:sprd
./arch/arm64/boot/dts/sprd/reserved-memory/ums312-common.dtsi	COPY	new:sprd
./arch/arm64/boot/dts/sprd/reserved-memory/ums512-1h10-go-overlay.dtsi	COPY	new:sprd
./arch/arm64/boot/dts/sprd/reserved-memory/ums512-1h10-overlay.dtsi	COPY	new:sprd
./arch/arm64/boot/dts/sprd/reserved-memory/ums512-common.dtsi	COPY	new:sprd
./arch/arm64/boot/dts/sprd/reserved-memory/ums9230-14c10-go-overlay.dtsi	COPY	new:sprd
./arch/arm64/boot/dts/sprd/reserved-memory/ums9230-1h10-go-overlay.dtsi	COPY	new:sprd
./arch/arm64/boot/dts/sprd/reserved-memory/ums9230-1h10-overlay.dtsi	COPY	new:sprd
./arch/arm64/boot/dts/sprd/reserved-memory/ums9230-4h10-go-overlay.dtsi	COPY	new:sprd
./arch/arm64/boot/dts/sprd/reserved-memory/ums9230-4h10-overlay.dtsi	COPY	new:sprd
./arch/arm64/boot/dts/sprd/reserved-memory/ums9230-6h10-go-overlay.dtsi	COPY	new:sprd
./arch/arm64/boot/dts/sprd/reserved-memory/ums9230-6h10-overlay.dtsi	COPY	new:sprd
./arch/arm64/boot/dts/sprd/reserved-memory/ums9230-common.dtsi	COPY	new:sprd
./arch/arm64/boot/dts/sprd/reserved-memory/ums9610-common.dtsi	COPY	new:sprd
./arch/arm64/boot/dts/sprd/reserved-memory/ums9610-haps-overlay.dtsi	COPY	new:sprd
./arch/arm64/boot/dts/sprd/reserved-memory/ums9610-zebu-flash-overlay.dtsi	COPY	new:sprd
./arch/arm64/boot/dts/sprd/reserved-memory/ums9610-zebu-overlay.dtsi	COPY	new:sprd
./arch/arm64/boot/dts/sprd/reserved-memory/ums9620-1h10-overlay.dtsi	COPY	new:sprd
./arch/arm64/boot/dts/sprd/reserved-memory/ums9620-2h10-overlay.dtsi	COPY	new:sprd
./arch/arm64/boot/dts/sprd/reserved-memory/ums9620-common.dtsi	COPY	new:sprd
./arch/arm64/boot/dts/sprd/reserved-memory/ums9621-1h10-overlay.dtsi	COPY	new:sprd
./arch/arm64/boot/dts/sprd/reserved-memory/ums9621-common.dtsi	COPY	new:sprd
./arch/arm64/boot/dts/sprd/reserved-memory/ums9650-haps-overlay.dtsi	COPY	new:sprd
./arch/arm64/boot/dts/sprd/sc2721/audio-codec.dtsi	COPY	new:sprd
./arch/arm64/boot/dts/sprd/sc2721/efuse.dtsi	COPY	new:sprd
./arch/arm64/boot/dts/sprd/sc2721/regulator.dtsi	COPY	new:sprd
./arch/arm64/boot/dts/sprd/sc2721/sc2721.dtsi	COPY	new:sprd
./arch/arm64/boot/dts/sprd/sc2730/audio-codec.dtsi	COPY	new:sprd
./arch/arm64/boot/dts/sprd/sc2730/efuse.dtsi	COPY	new:sprd
./arch/arm64/boot/dts/sprd/sc2730/regulator.dtsi	COPY	new:sprd
./arch/arm64/boot/dts/sprd/sc2730/sc2730.dtsi	COPY	new:sprd
./arch/arm64/boot/dts/sprd/sc2731/regulator.dtsi	COPY	new:sprd
./arch/arm64/boot/dts/sprd/sc2731/sc2731.dtsi	COPY	new:sprd
./arch/arm64/boot/dts/sprd/sc9836-openphone.dts	USE-MOTO	common:sprd
./arch/arm64/boot/dts/sprd/sc9836/sc9836.dtsi	COPY	new:sprd
./arch/arm64/boot/dts/sprd/sc9836/sharkl64.dtsi	COPY	new:sprd
./arch/arm64/boot/dts/sprd/sc9860/sc9860.dtsi	COPY	new:sprd
./arch/arm64/boot/dts/sprd/sc9860/whale2.dtsi	COPY	new:sprd
./arch/arm64/boot/dts/sprd/sc9863a/apcpu-dvfs.dtsi	COPY	new:sprd
./arch/arm64/boot/dts/sprd/sc9863a/audio.dtsi	COPY	new:sprd
./arch/arm64/boot/dts/sprd/sc9863a/bm.dtsi	COPY	new:sprd
./arch/arm64/boot/dts/sprd/sc9863a/cam.dtsi	COPY	new:sprd
./arch/arm64/boot/dts/sprd/sc9863a/csi.dtsi	COPY	new:sprd
./arch/arm64/boot/dts/sprd/sc9863a/ddr-dfs.dtsi	COPY	new:sprd
./arch/arm64/boot/dts/sprd/sc9863a/dispc.dtsi	COPY	new:sprd
./arch/arm64/boot/dts/sprd/sc9863a/dma.dtsi	COPY	new:sprd
./arch/arm64/boot/dts/sprd/sc9863a/dmc-mpu.dtsi	COPY	new:sprd
./arch/arm64/boot/dts/sprd/sc9863a/efuse.dtsi	COPY	new:sprd
./arch/arm64/boot/dts/sprd/sc9863a/glbreg.dtsi	COPY	new:sprd
./arch/arm64/boot/dts/sprd/sc9863a/gpio.dtsi	COPY	new:sprd
./arch/arm64/boot/dts/sprd/sc9863a/gpu.dtsi	COPY	new:sprd
./arch/arm64/boot/dts/sprd/sc9863a/i2c.dtsi	COPY	new:sprd
./arch/arm64/boot/dts/sprd/sc9863a/i2s.dtsi	COPY	new:sprd
./arch/arm64/boot/dts/sprd/sc9863a/jpg.dtsi	COPY	new:sprd
./arch/arm64/boot/dts/sprd/sc9863a/mipi-serdes.dtsi	COPY	new:sprd
./arch/arm64/boot/dts/sprd/sc9863a/modem.dtsi	COPY	new:sprd
./arch/arm64/boot/dts/sprd/sc9863a/pin-controller.dtsi	COPY	new:sprd
./arch/arm64/boot/dts/sprd/sc9863a/power.dtsi	COPY	new:sprd
./arch/arm64/boot/dts/sprd/sc9863a/ptm.dtsi	COPY	new:sprd
./arch/arm64/boot/dts/sprd/sc9863a/pwm.dtsi	COPY	new:sprd
./arch/arm64/boot/dts/sprd/sc9863a/sc9863a-wcn.dtsi	COPY	new:sprd
./arch/arm64/boot/dts/sprd/sc9863a/sc9863a.dtsi	COPY	new:sprd
./arch/arm64/boot/dts/sprd/sc9863a/sensorhub.dtsi	COPY	new:sprd
./arch/arm64/boot/dts/sprd/sc9863a/spi.dtsi	COPY	new:sprd
./arch/arm64/boot/dts/sprd/sc9863a/thermal.dtsi	COPY	new:sprd
./arch/arm64/boot/dts/sprd/sc9863a/uart.dtsi	COPY	new:sprd
./arch/arm64/boot/dts/sprd/sc9863a/usb.dtsi	COPY	new:sprd
./arch/arm64/boot/dts/sprd/sc9863a/vsp.dtsi	COPY	new:sprd
./arch/arm64/boot/dts/sprd/sound/fe-be.dtsi	COPY	new:sprd
./arch/arm64/boot/dts/sprd/sound/sound-sharkl.dtsi	COPY	new:sprd
./arch/arm64/boot/dts/sprd/sound/ums9620-overlay.dtsi	COPY	new:sprd
./arch/arm64/boot/dts/sprd/sound/virtual-devices.dtsi	COPY	new:sprd
./arch/arm64/boot/dts/sprd/sp9860g-1h10.dts	USE-MOTO	common:sprd
./arch/arm64/boot/dts/sprd/sp9863a-1h10-go-overlay.dts	COPY	new:sprd
./arch/arm64/boot/dts/sprd/sp9863a-1h10-overlay.dts	COPY	new:sprd
./arch/arm64/boot/dts/sprd/sp9863a-1h10.dts	USE-MOTO	common:sprd
./arch/arm64/boot/dts/sprd/sp9863a-base.dts	COPY	new:sprd
./arch/arm64/boot/dts/sprd/sprd-sound-fe-be.dtsi	COPY	new:sprd
./arch/arm64/boot/dts/sprd/thermal/ntc-common.dtsi	COPY	new:sprd
./arch/arm64/boot/dts/sprd/touchscreen/nvt-touchscreen-novatek-nt36xxx-spi.dtsi	COPY	new:sprd
./arch/arm64/boot/dts/sprd/touchscreen/sp9863a-i2c3-gpio144-145-tp.dtsi	COPY	new:sprd
./arch/arm64/boot/dts/sprd/touchscreen/ums512-i2c3-gpio144-145-tp.dtsi	COPY	new:sprd
./arch/arm64/boot/dts/sprd/touchscreen/ums9230-14c10-spi3-eic16-gpio145-tp.dtsi	COPY	new:sprd
./arch/arm64/boot/dts/sprd/touchscreen/ums9230-spi3-gpio144-145-tp.dtsi	COPY	new:sprd
./arch/arm64/boot/dts/sprd/touchscreen/ums9610-spi1-gpio13-14-tp.dtsi	COPY	new:sprd
./arch/arm64/boot/dts/sprd/touchscreen/ums9620-spi1-gpio13-14-tp.dtsi	COPY	new:sprd
./arch/arm64/boot/dts/sprd/touchscreen/ums9621-spi1-gpio13-14-tp.dtsi	COPY	new:sprd
./arch/arm64/boot/dts/sprd/trusty/sp9863a.dtsi	COPY	new:sprd
./arch/arm64/boot/dts/sprd/trusty/uis8520.dtsi	COPY	new:sprd
./arch/arm64/boot/dts/sprd/trusty/ums312.dtsi	COPY	new:sprd
./arch/arm64/boot/dts/sprd/trusty/ums512.dtsi	COPY	new:sprd
./arch/arm64/boot/dts/sprd/trusty/ums9230.dtsi	COPY	new:sprd
./arch/arm64/boot/dts/sprd/trusty/ums9610.dtsi	COPY	new:sprd
./arch/arm64/boot/dts/sprd/trusty/ums9620.dtsi	COPY	new:sprd
./arch/arm64/boot/dts/sprd/trusty/ums9621.dtsi	COPY	new:sprd
./arch/arm64/boot/dts/sprd/udx710.dts	COPY	new:sprd
./arch/arm64/boot/dts/sprd/udx710/orca.dtsi	COPY	new:sprd
./arch/arm64/boot/dts/sprd/udx710/udx710-mach.dtsi	COPY	new:sprd
./arch/arm64/boot/dts/sprd/udx710/udx710-modem.dtsi	COPY	new:sprd
./arch/arm64/boot/dts/sprd/udx710/udx710.dtsi	COPY	new:sprd
./arch/arm64/boot/dts/sprd/uis8520-base.dts	COPY	new:sprd
./arch/arm64/boot/dts/sprd/uis8520/apb_prot.dtsi	COPY	new:sprd
./arch/arm64/boot/dts/sprd/uis8520/apcpu-dvfs.dtsi	COPY	new:sprd
./arch/arm64/boot/dts/sprd/uis8520/audio.dtsi	COPY	new:sprd
./arch/arm64/boot/dts/sprd/uis8520/bm.dtsi	COPY	new:sprd
./arch/arm64/boot/dts/sprd/uis8520/cam.dtsi	COPY	new:sprd
./arch/arm64/boot/dts/sprd/uis8520/coresight.dtsi	COPY	new:sprd
./arch/arm64/boot/dts/sprd/uis8520/ddr-dfs.dtsi	COPY	new:sprd
./arch/arm64/boot/dts/sprd/uis8520/dma.dtsi	COPY	new:sprd
./arch/arm64/boot/dts/sprd/uis8520/dmc-mpu.dtsi	COPY	new:sprd
./arch/arm64/boot/dts/sprd/uis8520/efuse.dtsi	COPY	new:sprd
./arch/arm64/boot/dts/sprd/uis8520/ethernet.dtsi	COPY	new:sprd
./arch/arm64/boot/dts/sprd/uis8520/glbreg.dtsi	COPY	new:sprd
./arch/arm64/boot/dts/sprd/uis8520/gpio.dtsi	COPY	new:sprd
./arch/arm64/boot/dts/sprd/uis8520/gpu-natt.dtsi	COPY	new:sprd
./arch/arm64/boot/dts/sprd/uis8520/i2c.dtsi	COPY	new:sprd
./arch/arm64/boot/dts/sprd/uis8520/i2s.dtsi	COPY	new:sprd
./arch/arm64/boot/dts/sprd/uis8520/mipi-serdes.dtsi	COPY	new:sprd
./arch/arm64/boot/dts/sprd/uis8520/modem.dtsi	COPY	new:sprd
./arch/arm64/boot/dts/sprd/uis8520/nandc.dtsi	COPY	new:sprd
./arch/arm64/boot/dts/sprd/uis8520/npu.dtsi	COPY	new:sprd
./arch/arm64/boot/dts/sprd/uis8520/pcie.dtsi	COPY	new:sprd
./arch/arm64/boot/dts/sprd/uis8520/pin-controller.dtsi	COPY	new:sprd
./arch/arm64/boot/dts/sprd/uis8520/power.dtsi	COPY	new:sprd
./arch/arm64/boot/dts/sprd/uis8520/ptm.dtsi	COPY	new:sprd
./arch/arm64/boot/dts/sprd/uis8520/sdio.dtsi	COPY	new:sprd
./arch/arm64/boot/dts/sprd/uis8520/sfp.dtsi	COPY	new:sprd
./arch/arm64/boot/dts/sprd/uis8520/sipa-sys.dtsi	COPY	new:sprd
./arch/arm64/boot/dts/sprd/uis8520/sipa.dtsi	COPY	new:sprd
./arch/arm64/boot/dts/sprd/uis8520/socid.dtsi	COPY	new:sprd
./arch/arm64/boot/dts/sprd/uis8520/spi.dtsi	COPY	new:sprd
./arch/arm64/boot/dts/sprd/uis8520/thermal.dtsi	COPY	new:sprd
./arch/arm64/boot/dts/sprd/uis8520/timer.dtsi	COPY	new:sprd
./arch/arm64/boot/dts/sprd/uis8520/trng.dtsi	COPY	new:sprd
./arch/arm64/boot/dts/sprd/uis8520/uart.dtsi	COPY	new:sprd
./arch/arm64/boot/dts/sprd/uis8520/ufs.dtsi	COPY	new:sprd
./arch/arm64/boot/dts/sprd/uis8520/uis8520.dtsi	COPY	new:sprd
./arch/arm64/boot/dts/sprd/uis8520/usb.dtsi	COPY	new:sprd
./arch/arm64/boot/dts/sprd/uis8520/usbpinmux.dtsi	COPY	new:sprd
./arch/arm64/boot/dts/sprd/uis8520/vdsp.dtsi	COPY	new:sprd
./arch/arm64/boot/dts/sprd/uis8520/wdt.dtsi	COPY	new:sprd
./arch/arm64/boot/dts/sprd/ump9620/adc.dtsi	COPY	new:sprd
./arch/arm64/boot/dts/sprd/ump9620/audio-codec.dtsi	COPY	new:sprd
./arch/arm64/boot/dts/sprd/ump9620/efuse.dtsi	COPY	new:sprd
./arch/arm64/boot/dts/sprd/ump9620/regulator.dtsi	COPY	new:sprd
./arch/arm64/boot/dts/sprd/ump9620/ump9620.dtsi	COPY	new:sprd
./arch/arm64/boot/dts/sprd/ump9621/efuse.dtsi	COPY	new:sprd
./arch/arm64/boot/dts/sprd/ump9621/regulator.dtsi	COPY	new:sprd
./arch/arm64/boot/dts/sprd/ump9621/ump9621.dtsi	COPY	new:sprd
./arch/arm64/boot/dts/sprd/ump9622/ump9622.dtsi	COPY	new:sprd
./arch/arm64/boot/dts/sprd/ums312-2h10-go-overlay.dts	COPY	new:sprd
./arch/arm64/boot/dts/sprd/ums312-2h10-overlay.dts	COPY	new:sprd
./arch/arm64/boot/dts/sprd/ums312-base.dts	COPY	new:sprd
./arch/arm64/boot/dts/sprd/ums312/apcpu-dvfs.dtsi	COPY	new:sprd
./arch/arm64/boot/dts/sprd/ums312/audio.dtsi	COPY	new:sprd
./arch/arm64/boot/dts/sprd/ums312/bm.dtsi	COPY	new:sprd
./arch/arm64/boot/dts/sprd/ums312/cam.dtsi	COPY	new:sprd
./arch/arm64/boot/dts/sprd/ums312/coresight.dtsi	COPY	new:sprd
./arch/arm64/boot/dts/sprd/ums312/csi.dtsi	COPY	new:sprd
./arch/arm64/boot/dts/sprd/ums312/ddr-dfs.dtsi	COPY	new:sprd
./arch/arm64/boot/dts/sprd/ums312/dispc.dtsi	COPY	new:sprd
./arch/arm64/boot/dts/sprd/ums312/dma.dtsi	COPY	new:sprd
./arch/arm64/boot/dts/sprd/ums312/dmc-mpu.dtsi	COPY	new:sprd
./arch/arm64/boot/dts/sprd/ums312/efuse.dtsi	COPY	new:sprd
./arch/arm64/boot/dts/sprd/ums312/glbreg.dtsi	COPY	new:sprd
./arch/arm64/boot/dts/sprd/ums312/gpio.dtsi	COPY	new:sprd
./arch/arm64/boot/dts/sprd/ums312/gpu.dtsi	COPY	new:sprd
./arch/arm64/boot/dts/sprd/ums312/i2c.dtsi	COPY	new:sprd
./arch/arm64/boot/dts/sprd/ums312/i2s.dtsi	COPY	new:sprd
./arch/arm64/boot/dts/sprd/ums312/jpg.dtsi	COPY	new:sprd
./arch/arm64/boot/dts/sprd/ums312/mipi-serdes.dtsi	COPY	new:sprd
./arch/arm64/boot/dts/sprd/ums312/modem.dtsi	COPY	new:sprd
./arch/arm64/boot/dts/sprd/ums312/pinctrl.dtsi	COPY	new:sprd
./arch/arm64/boot/dts/sprd/ums312/power.dtsi	COPY	new:sprd
./arch/arm64/boot/dts/sprd/ums312/ptm.dtsi	COPY	new:sprd
./arch/arm64/boot/dts/sprd/ums312/pwm.dtsi	COPY	new:sprd
./arch/arm64/boot/dts/sprd/ums312/qos.dtsi	COPY	new:sprd
./arch/arm64/boot/dts/sprd/ums312/sdio.dtsi	COPY	new:sprd
./arch/arm64/boot/dts/sprd/ums312/sensorhub.dtsi	COPY	new:sprd
./arch/arm64/boot/dts/sprd/ums312/socid.dtsi	COPY	new:sprd
./arch/arm64/boot/dts/sprd/ums312/spi.dtsi	COPY	new:sprd
./arch/arm64/boot/dts/sprd/ums312/thermal.dtsi	COPY	new:sprd
./arch/arm64/boot/dts/sprd/ums312/timer.dtsi	COPY	new:sprd
./arch/arm64/boot/dts/sprd/ums312/uart.dtsi	COPY	new:sprd
./arch/arm64/boot/dts/sprd/ums312/ums312.dtsi	COPY	new:sprd
./arch/arm64/boot/dts/sprd/ums312/usb.dtsi	COPY	new:sprd
./arch/arm64/boot/dts/sprd/ums312/vsp.dtsi	COPY	new:sprd
./arch/arm64/boot/dts/sprd/ums312/wdt.dtsi	COPY	new:sprd
./arch/arm64/boot/dts/sprd/ums512-1h10-go-overlay.dts	COPY	new:sprd
./arch/arm64/boot/dts/sprd/ums512-1h10-overlay.dts	COPY	new:sprd
./arch/arm64/boot/dts/sprd/ums512-1h10.dts	COPY	new:sprd
./arch/arm64/boot/dts/sprd/ums512-base.dts	COPY	new:sprd
./arch/arm64/boot/dts/sprd/ums512/apb_prot.dtsi	COPY	new:sprd
./arch/arm64/boot/dts/sprd/ums512/apcpu-dvfs.dtsi	COPY	new:sprd
./arch/arm64/boot/dts/sprd/ums512/audio.dtsi	COPY	new:sprd
./arch/arm64/boot/dts/sprd/ums512/bm.dtsi	COPY	new:sprd
./arch/arm64/boot/dts/sprd/ums512/cam.dtsi	COPY	new:sprd
./arch/arm64/boot/dts/sprd/ums512/coresight.dtsi	COPY	new:sprd
./arch/arm64/boot/dts/sprd/ums512/csi.dtsi	COPY	new:sprd
./arch/arm64/boot/dts/sprd/ums512/ddr-dfs.dtsi	COPY	new:sprd
./arch/arm64/boot/dts/sprd/ums512/dispc.dtsi	COPY	new:sprd
./arch/arm64/boot/dts/sprd/ums512/dma.dtsi	COPY	new:sprd
./arch/arm64/boot/dts/sprd/ums512/dmc-mpu.dtsi	COPY	new:sprd
./arch/arm64/boot/dts/sprd/ums512/efuse.dtsi	COPY	new:sprd
./arch/arm64/boot/dts/sprd/ums512/glbreg.dtsi	COPY	new:sprd
./arch/arm64/boot/dts/sprd/ums512/gpio.dtsi	COPY	new:sprd
./arch/arm64/boot/dts/sprd/ums512/gpu-gondul.dtsi	COPY	new:sprd
./arch/arm64/boot/dts/sprd/ums512/i2c.dtsi	COPY	new:sprd
./arch/arm64/boot/dts/sprd/ums512/i2s.dtsi	COPY	new:sprd
./arch/arm64/boot/dts/sprd/ums512/jpg.dtsi	COPY	new:sprd
./arch/arm64/boot/dts/sprd/ums512/marlin3lite.dtsi	COPY	new:sprd
./arch/arm64/boot/dts/sprd/ums512/mipi-serdes.dtsi	COPY	new:sprd
./arch/arm64/boot/dts/sprd/ums512/modem.dtsi	COPY	new:sprd
./arch/arm64/boot/dts/sprd/ums512/pin-controller.dtsi	COPY	new:sprd
./arch/arm64/boot/dts/sprd/ums512/power.dtsi	COPY	new:sprd
./arch/arm64/boot/dts/sprd/ums512/ptm.dtsi	COPY	new:sprd
./arch/arm64/boot/dts/sprd/ums512/qos.dtsi	COPY	new:sprd
./arch/arm64/boot/dts/sprd/ums512/sdio.dtsi	COPY	new:sprd
./arch/arm64/boot/dts/sprd/ums512/sensorhub.dtsi	COPY	new:sprd
./arch/arm64/boot/dts/sprd/ums512/socid.dtsi	COPY	new:sprd
./arch/arm64/boot/dts/sprd/ums512/spi.dtsi	COPY	new:sprd
./arch/arm64/boot/dts/sprd/ums512/thermal.dtsi	COPY	new:sprd
./arch/arm64/boot/dts/sprd/ums512/uart.dtsi	COPY	new:sprd
./arch/arm64/boot/dts/sprd/ums512/ums512.dtsi	COPY	new:sprd
./arch/arm64/boot/dts/sprd/ums512/usb.dtsi	COPY	new:sprd
./arch/arm64/boot/dts/sprd/ums512/vdsp.dtsi	COPY	new:sprd
./arch/arm64/boot/dts/sprd/ums512/vsp.dtsi	COPY	new:sprd
./arch/arm64/boot/dts/sprd/ums512/wdt.dtsi	COPY	new:sprd
./arch/arm64/boot/dts/sprd/ums9230-14c10-go-overlay.dts	COPY	new:sprd
./arch/arm64/boot/dts/sprd/ums9230-1h10-overlay.dts	COPY	new:sprd
./arch/arm64/boot/dts/sprd/ums9230-1h10_go-overlay.dts	COPY	new:sprd
./arch/arm64/boot/dts/sprd/ums9230-4h10-go-overlay.dts	COPY	new:sprd
./arch/arm64/boot/dts/sprd/ums9230-4h10-overlay.dts	COPY	new:sprd
./arch/arm64/boot/dts/sprd/ums9230-6h10-customer-overlay.dts	COPY	new:sprd
./arch/arm64/boot/dts/sprd/ums9230-6h10-go-overlay.dts	COPY	new:sprd
./arch/arm64/boot/dts/sprd/ums9230-6h10-overlay.dts	COPY	new:sprd
./arch/arm64/boot/dts/sprd/ums9230-6h10-umb9230s-overlay.dts	COPY	new:sprd
./arch/arm64/boot/dts/sprd/ums9230-base.dts	COPY	new:sprd
./arch/arm64/boot/dts/sprd/ums9230/apb_prot.dtsi	COPY	new:sprd
./arch/arm64/boot/dts/sprd/ums9230/apcpu-dvfs.dtsi	COPY	new:sprd
./arch/arm64/boot/dts/sprd/ums9230/audio.dtsi	COPY	new:sprd
./arch/arm64/boot/dts/sprd/ums9230/bm.dtsi	COPY	new:sprd
./arch/arm64/boot/dts/sprd/ums9230/cam.dtsi	COPY	new:sprd
./arch/arm64/boot/dts/sprd/ums9230/coresight.dtsi	COPY	new:sprd
./arch/arm64/boot/dts/sprd/ums9230/dmc-mpu.dtsi	COPY	new:sprd
./arch/arm64/boot/dts/sprd/ums9230/efuse.dtsi	COPY	new:sprd
./arch/arm64/boot/dts/sprd/ums9230/glbreg.dtsi	COPY	new:sprd
./arch/arm64/boot/dts/sprd/ums9230/gpu-natt.dtsi	COPY	new:sprd
./arch/arm64/boot/dts/sprd/ums9230/mipi-serdes.dtsi	COPY	new:sprd
./arch/arm64/boot/dts/sprd/ums9230/modem.dtsi	COPY	new:sprd
./arch/arm64/boot/dts/sprd/ums9230/pin-controller.dtsi	COPY	new:sprd
./arch/arm64/boot/dts/sprd/ums9230/power.dtsi	COPY	new:sprd
./arch/arm64/boot/dts/sprd/ums9230/qos.dtsi	COPY	new:sprd
./arch/arm64/boot/dts/sprd/ums9230/sdio.dtsi	COPY	new:sprd
./arch/arm64/boot/dts/sprd/ums9230/thermal.dtsi	COPY	new:sprd
./arch/arm64/boot/dts/sprd/ums9230/ums9230.dtsi	COPY	new:sprd
./arch/arm64/boot/dts/sprd/ums9230/usb.dtsi	COPY	new:sprd
./arch/arm64/boot/dts/sprd/ums9230/wcn.dtsi	COPY	new:sprd
./arch/arm64/boot/dts/sprd/ums9230/wdt.dtsi	COPY	new:sprd
./arch/arm64/boot/dts/sprd/ums9610-base.dts	COPY	new:sprd
./arch/arm64/boot/dts/sprd/ums9610-haps-overlay.dts	COPY	new:sprd
./arch/arm64/boot/dts/sprd/ums9610-zebu-flash-overlay.dts	COPY	new:sprd
./arch/arm64/boot/dts/sprd/ums9610-zebu-overlay.dts	COPY	new:sprd
./arch/arm64/boot/dts/sprd/ums9610/apb_prot.dtsi	COPY	new:sprd
./arch/arm64/boot/dts/sprd/ums9610/audio.dtsi	COPY	new:sprd
./arch/arm64/boot/dts/sprd/ums9610/bm.dtsi	COPY	new:sprd
./arch/arm64/boot/dts/sprd/ums9610/cam.dtsi	COPY	new:sprd
./arch/arm64/boot/dts/sprd/ums9610/clock.dtsi	COPY	new:sprd
./arch/arm64/boot/dts/sprd/ums9610/csi.dtsi	COPY	new:sprd
./arch/arm64/boot/dts/sprd/ums9610/ddr-dfs.dtsi	COPY	new:sprd
./arch/arm64/boot/dts/sprd/ums9610/dispc.dtsi	COPY	new:sprd
./arch/arm64/boot/dts/sprd/ums9610/dma.dtsi	COPY	new:sprd
./arch/arm64/boot/dts/sprd/ums9610/dmc-mpu.dtsi	COPY	new:sprd
./arch/arm64/boot/dts/sprd/ums9610/efuse.dtsi	COPY	new:sprd
./arch/arm64/boot/dts/sprd/ums9610/glbreg.dtsi	COPY	new:sprd
./arch/arm64/boot/dts/sprd/ums9610/gpio.dtsi	COPY	new:sprd
./arch/arm64/boot/dts/sprd/ums9610/gpu-natt.dtsi	COPY	new:sprd
./arch/arm64/boot/dts/sprd/ums9610/i2c.dtsi	COPY	new:sprd
./arch/arm64/boot/dts/sprd/ums9610/i2s.dtsi	COPY	new:sprd
./arch/arm64/boot/dts/sprd/ums9610/jpg.dtsi	COPY	new:sprd
./arch/arm64/boot/dts/sprd/ums9610/modem.dtsi	COPY	new:sprd
./arch/arm64/boot/dts/sprd/ums9610/pin-controller.dtsi	COPY	new:sprd
./arch/arm64/boot/dts/sprd/ums9610/power.dtsi	COPY	new:sprd
./arch/arm64/boot/dts/sprd/ums9610/sdio.dtsi	COPY	new:sprd
./arch/arm64/boot/dts/sprd/ums9610/sensorhub.dtsi	COPY	new:sprd
./arch/arm64/boot/dts/sprd/ums9610/sipa-sys.dtsi	COPY	new:sprd
./arch/arm64/boot/dts/sprd/ums9610/sipa.dtsi	COPY	new:sprd
./arch/arm64/boot/dts/sprd/ums9610/socid.dtsi	COPY	new:sprd
./arch/arm64/boot/dts/sprd/ums9610/spi.dtsi	COPY	new:sprd
./arch/arm64/boot/dts/sprd/ums9610/thermal.dtsi	COPY	new:sprd
./arch/arm64/boot/dts/sprd/ums9610/trng.dtsi	COPY	new:sprd
./arch/arm64/boot/dts/sprd/ums9610/uart.dtsi	COPY	new:sprd
./arch/arm64/boot/dts/sprd/ums9610/ufs.dtsi	COPY	new:sprd
./arch/arm64/boot/dts/sprd/ums9610/ums9610.dtsi	COPY	new:sprd
./arch/arm64/boot/dts/sprd/ums9610/usb.dtsi	COPY	new:sprd
./arch/arm64/boot/dts/sprd/ums9610/vdsp.dtsi	COPY	new:sprd
./arch/arm64/boot/dts/sprd/ums9610/vpu.dtsi	COPY	new:sprd
./arch/arm64/boot/dts/sprd/ums9620-1h10-overlay.dts	COPY	new:sprd
./arch/arm64/boot/dts/sprd/ums9620-2h10-overlay.dts	COPY	new:sprd
./arch/arm64/boot/dts/sprd/ums9620-2h10_manila-overlay.dts	COPY	new:sprd
./arch/arm64/boot/dts/sprd/ums9620-2h10_uob-overlay.dts	COPY	new:sprd
./arch/arm64/boot/dts/sprd/ums9620-2h10_uob_marlin3-overlay.dts	COPY	new:sprd
./arch/arm64/boot/dts/sprd/ums9620-base.dts	COPY	new:sprd
./arch/arm64/boot/dts/sprd/ums9620/apb_prot.dtsi	COPY	new:sprd
./arch/arm64/boot/dts/sprd/ums9620/apcpu-dvfs.dtsi	COPY	new:sprd
./arch/arm64/boot/dts/sprd/ums9620/audio.dtsi	COPY	new:sprd
./arch/arm64/boot/dts/sprd/ums9620/bm.dtsi	COPY	new:sprd
./arch/arm64/boot/dts/sprd/ums9620/cam.dtsi	COPY	new:sprd
./arch/arm64/boot/dts/sprd/ums9620/coresight.dtsi	COPY	new:sprd
./arch/arm64/boot/dts/sprd/ums9620/csi.dtsi	COPY	new:sprd
./arch/arm64/boot/dts/sprd/ums9620/ddr-dfs.dtsi	COPY	new:sprd
./arch/arm64/boot/dts/sprd/ums9620/dispc.dtsi	COPY	new:sprd
./arch/arm64/boot/dts/sprd/ums9620/dma.dtsi	COPY	new:sprd
./arch/arm64/boot/dts/sprd/ums9620/dmc-mpu.dtsi	COPY	new:sprd
./arch/arm64/boot/dts/sprd/ums9620/efuse.dtsi	COPY	new:sprd
./arch/arm64/boot/dts/sprd/ums9620/glbreg.dtsi	COPY	new:sprd
./arch/arm64/boot/dts/sprd/ums9620/gpio.dtsi	COPY	new:sprd
./arch/arm64/boot/dts/sprd/ums9620/gpu-natt.dtsi	COPY	new:sprd
./arch/arm64/boot/dts/sprd/ums9620/i2c.dtsi	COPY	new:sprd
./arch/arm64/boot/dts/sprd/ums9620/i2s.dtsi	COPY	new:sprd
./arch/arm64/boot/dts/sprd/ums9620/jpg.dtsi	COPY	new:sprd
./arch/arm64/boot/dts/sprd/ums9620/mipi-serdes.dtsi	COPY	new:sprd
./arch/arm64/boot/dts/sprd/ums9620/modem.dtsi	COPY	new:sprd
./arch/arm64/boot/dts/sprd/ums9620/npu.dtsi	COPY	new:sprd
./arch/arm64/boot/dts/sprd/ums9620/pcie.dtsi	COPY	new:sprd
./arch/arm64/boot/dts/sprd/ums9620/pin-controller.dtsi	COPY	new:sprd
./arch/arm64/boot/dts/sprd/ums9620/power.dtsi	COPY	new:sprd
./arch/arm64/boot/dts/sprd/ums9620/ptm.dtsi	COPY	new:sprd
./arch/arm64/boot/dts/sprd/ums9620/sdio.dtsi	COPY	new:sprd
./arch/arm64/boot/dts/sprd/ums9620/sensorhub.dtsi	COPY	new:sprd
./arch/arm64/boot/dts/sprd/ums9620/sfp.dtsi	COPY	new:sprd
./arch/arm64/boot/dts/sprd/ums9620/sipa-sys.dtsi	COPY	new:sprd
./arch/arm64/boot/dts/sprd/ums9620/sipa.dtsi	COPY	new:sprd
./arch/arm64/boot/dts/sprd/ums9620/socid.dtsi	COPY	new:sprd
./arch/arm64/boot/dts/sprd/ums9620/spi.dtsi	COPY	new:sprd
./arch/arm64/boot/dts/sprd/ums9620/thermal.dtsi	COPY	new:sprd
./arch/arm64/boot/dts/sprd/ums9620/timer.dtsi	COPY	new:sprd
./arch/arm64/boot/dts/sprd/ums9620/trng.dtsi	COPY	new:sprd
./arch/arm64/boot/dts/sprd/ums9620/uart.dtsi	COPY	new:sprd
./arch/arm64/boot/dts/sprd/ums9620/ufs.dtsi	COPY	new:sprd
./arch/arm64/boot/dts/sprd/ums9620/ums9620.dtsi	COPY	new:sprd
./arch/arm64/boot/dts/sprd/ums9620/usb.dtsi	COPY	new:sprd
./arch/arm64/boot/dts/sprd/ums9620/usbpinmux.dtsi	COPY	new:sprd
./arch/arm64/boot/dts/sprd/ums9620/vdsp.dtsi	COPY	new:sprd
./arch/arm64/boot/dts/sprd/ums9620/vpu.dtsi	COPY	new:sprd
./arch/arm64/boot/dts/sprd/ums9620/wdt.dtsi	COPY	new:sprd
./arch/arm64/boot/dts/sprd/ums9621-1h10-overlay.dts	COPY	new:sprd
./arch/arm64/boot/dts/sprd/ums9621-1h10_uob-overlay.dts	COPY	new:sprd
./arch/arm64/boot/dts/sprd/ums9621-base.dts	COPY	new:sprd
./arch/arm64/boot/dts/sprd/ums9621/apb_prot.dtsi	COPY	new:sprd
./arch/arm64/boot/dts/sprd/ums9621/apcpu-dvfs.dtsi	COPY	new:sprd
./arch/arm64/boot/dts/sprd/ums9621/audio.dtsi	COPY	new:sprd
./arch/arm64/boot/dts/sprd/ums9621/bm.dtsi	COPY	new:sprd
./arch/arm64/boot/dts/sprd/ums9621/cam.dtsi	COPY	new:sprd
./arch/arm64/boot/dts/sprd/ums9621/coresight.dtsi	COPY	new:sprd
./arch/arm64/boot/dts/sprd/ums9621/csi.dtsi	COPY	new:sprd
./arch/arm64/boot/dts/sprd/ums9621/ddr-dfs.dtsi	COPY	new:sprd
./arch/arm64/boot/dts/sprd/ums9621/dispc.dtsi	COPY	new:sprd
./arch/arm64/boot/dts/sprd/ums9621/dma.dtsi	COPY	new:sprd
./arch/arm64/boot/dts/sprd/ums9621/dmc-mpu.dtsi	COPY	new:sprd
./arch/arm64/boot/dts/sprd/ums9621/efuse.dtsi	COPY	new:sprd
./arch/arm64/boot/dts/sprd/ums9621/glbreg.dtsi	COPY	new:sprd
./arch/arm64/boot/dts/sprd/ums9621/gpio.dtsi	COPY	new:sprd
./arch/arm64/boot/dts/sprd/ums9621/gpu-natt.dtsi	COPY	new:sprd
./arch/arm64/boot/dts/sprd/ums9621/i2c.dtsi	COPY	new:sprd
./arch/arm64/boot/dts/sprd/ums9621/i2s.dtsi	COPY	new:sprd
./arch/arm64/boot/dts/sprd/ums9621/jpg.dtsi	COPY	new:sprd
./arch/arm64/boot/dts/sprd/ums9621/mipi-serdes.dtsi	COPY	new:sprd
./arch/arm64/boot/dts/sprd/ums9621/modem.dtsi	COPY	new:sprd
./arch/arm64/boot/dts/sprd/ums9621/pin-controller.dtsi	COPY	new:sprd
./arch/arm64/boot/dts/sprd/ums9621/power.dtsi	COPY	new:sprd
./arch/arm64/boot/dts/sprd/ums9621/ptm.dtsi	COPY	new:sprd
./arch/arm64/boot/dts/sprd/ums9621/sdio.dtsi	COPY	new:sprd
./arch/arm64/boot/dts/sprd/ums9621/sensorhub.dtsi	COPY	new:sprd
./arch/arm64/boot/dts/sprd/ums9621/sfp.dtsi	COPY	new:sprd
./arch/arm64/boot/dts/sprd/ums9621/sipa-sys.dtsi	COPY	new:sprd
./arch/arm64/boot/dts/sprd/ums9621/sipa.dtsi	COPY	new:sprd
./arch/arm64/boot/dts/sprd/ums9621/socid.dtsi	COPY	new:sprd
./arch/arm64/boot/dts/sprd/ums9621/spi.dtsi	COPY	new:sprd
./arch/arm64/boot/dts/sprd/ums9621/thermal.dtsi	COPY	new:sprd
./arch/arm64/boot/dts/sprd/ums9621/timer.dtsi	COPY	new:sprd
./arch/arm64/boot/dts/sprd/ums9621/trng.dtsi	COPY	new:sprd
./arch/arm64/boot/dts/sprd/ums9621/uart.dtsi	COPY	new:sprd
./arch/arm64/boot/dts/sprd/ums9621/ufs.dtsi	COPY	new:sprd
./arch/arm64/boot/dts/sprd/ums9621/ums9621.dtsi	COPY	new:sprd
./arch/arm64/boot/dts/sprd/ums9621/usb.dtsi	COPY	new:sprd
./arch/arm64/boot/dts/sprd/ums9621/usbpinmux.dtsi	COPY	new:sprd
./arch/arm64/boot/dts/sprd/ums9621/vpu.dtsi	COPY	new:sprd
./arch/arm64/boot/dts/sprd/ums9621/wdt.dtsi	COPY	new:sprd
./arch/arm64/boot/dts/sprd/ums9650-base.dts	COPY	new:sprd
./arch/arm64/boot/dts/sprd/ums9650-haps-overlay.dts	COPY	new:sprd
./arch/arm64/boot/dts/sprd/ums9650/apb_prot.dtsi	COPY	new:sprd
./arch/arm64/boot/dts/sprd/ums9650/audio.dtsi	COPY	new:sprd
./arch/arm64/boot/dts/sprd/ums9650/bm.dtsi	COPY	new:sprd
./arch/arm64/boot/dts/sprd/ums9650/cam.dtsi	COPY	new:sprd
./arch/arm64/boot/dts/sprd/ums9650/clock.dtsi	COPY	new:sprd
./arch/arm64/boot/dts/sprd/ums9650/csi.dtsi	COPY	new:sprd
./arch/arm64/boot/dts/sprd/ums9650/ddr-dfs.dtsi	COPY	new:sprd
./arch/arm64/boot/dts/sprd/ums9650/dispc.dtsi	COPY	new:sprd
./arch/arm64/boot/dts/sprd/ums9650/dma.dtsi	COPY	new:sprd
./arch/arm64/boot/dts/sprd/ums9650/dmc-mpu.dtsi	COPY	new:sprd
./arch/arm64/boot/dts/sprd/ums9650/efuse.dtsi	COPY	new:sprd
./arch/arm64/boot/dts/sprd/ums9650/glbreg.dtsi	COPY	new:sprd
./arch/arm64/boot/dts/sprd/ums9650/gpio.dtsi	COPY	new:sprd
./arch/arm64/boot/dts/sprd/ums9650/gpu-natt.dtsi	COPY	new:sprd
./arch/arm64/boot/dts/sprd/ums9650/i2c.dtsi	COPY	new:sprd
./arch/arm64/boot/dts/sprd/ums9650/i2s.dtsi	COPY	new:sprd
./arch/arm64/boot/dts/sprd/ums9650/jpg.dtsi	COPY	new:sprd
./arch/arm64/boot/dts/sprd/ums9650/modem.dtsi	COPY	new:sprd
./arch/arm64/boot/dts/sprd/ums9650/pin-controller.dtsi	COPY	new:sprd
./arch/arm64/boot/dts/sprd/ums9650/power.dtsi	COPY	new:sprd
./arch/arm64/boot/dts/sprd/ums9650/sdio.dtsi	COPY	new:sprd
./arch/arm64/boot/dts/sprd/ums9650/sensorhub.dtsi	COPY	new:sprd
./arch/arm64/boot/dts/sprd/ums9650/sipa-sys.dtsi	COPY	new:sprd
./arch/arm64/boot/dts/sprd/ums9650/sipa.dtsi	COPY	new:sprd
./arch/arm64/boot/dts/sprd/ums9650/socid.dtsi	COPY	new:sprd
./arch/arm64/boot/dts/sprd/ums9650/spi.dtsi	COPY	new:sprd
./arch/arm64/boot/dts/sprd/ums9650/thermal.dtsi	COPY	new:sprd
./arch/arm64/boot/dts/sprd/ums9650/trng.dtsi	COPY	new:sprd
./arch/arm64/boot/dts/sprd/ums9650/uart.dtsi	COPY	new:sprd
./arch/arm64/boot/dts/sprd/ums9650/ufs.dtsi	COPY	new:sprd
./arch/arm64/boot/dts/sprd/ums9650/ums9650.dtsi	COPY	new:sprd
./arch/arm64/boot/dts/sprd/ums9650/usb.dtsi	COPY	new:sprd
./arch/arm64/boot/dts/sprd/ums9650/vdsp.dtsi	COPY	new:sprd
./arch/arm64/boot/dts/sprd/ums9650/vpu.dtsi	COPY	new:sprd
./arch/arm64/boot/dts/sprd/wcn/chip/wcn-integrate-pike2-register.dtsi	COPY	new:sprd
./arch/arm64/boot/dts/sprd/wcn/chip/wcn-integrate-sharkl3-register.dtsi	COPY	new:sprd
./arch/arm64/boot/dts/sprd/wcn/chip/wcn-integrate-sharkl6-register.dtsi	COPY	new:sprd
./arch/arm64/boot/dts/sprd/wcn/chip/wcn-integrate-sharkle-register.dtsi	COPY	new:sprd
./arch/arm64/boot/dts/sprd/wcn/chip/wcn-marlin3-sc2355-register.dtsi	COPY	new:sprd
./arch/arm64/boot/dts/sprd/wcn/chip/wcn-marlin3e-umw2653-register.dtsi	COPY	new:sprd
./arch/arm64/boot/dts/sprd/wcn/chip/wcn-marlin3lite-umw2652-register.dtsi	COPY	new:sprd
./arch/arm64/boot/dts/sprd/wcn/interface/wcn-pcie-register.dtsi	COPY	new:sprd
./arch/arm64/boot/dts/sprd/wcn/interface/wcn-sdio-register.dtsi	COPY	new:sprd
./arch/arm64/boot/dts/sprd/wcn/wcn_modules.h	COPY	new:sprd
./arch/arm64/configs/recovery_udx710_defconfig	COPY	new:copy
./arch/arm64/configs/sprd_Skynet.fragment	COPY	new:sprd
./arch/arm64/configs/sprd_Syzkaller.fragment	COPY	new:sprd
./arch/arm64/configs/sprd_debian_defconfig	COPY	new:sprd
./arch/arm64/configs/sprd_gki.fragment	COPY	new:sprd
./arch/arm64/configs/sprd_gki_qogirn6l.fragment	COPY	new:sprd
./arch/arm64/configs/sprd_gki_qogirn6l_debug.fragment	COPY	new:sprd
./arch/arm64/configs/sprd_gki_qogirn6pro.fragment	COPY	new:sprd
./arch/arm64/configs/sprd_gki_qogirn6pro_debug.fragment	COPY	new:sprd
./arch/arm64/configs/sprd_gki_qogirn7.fragment	COPY	new:sprd
./arch/arm64/configs/sprd_gki_qogirn7_debug.fragment	COPY	new:sprd
./arch/arm64/configs/sprd_gki_sharkl3.fragment	COPY	new:sprd
./arch/arm64/configs/sprd_gki_sharkl3_debug.fragment	COPY	new:sprd
./arch/arm64/configs/sprd_gki_sharkl5.fragment	COPY	new:sprd
./arch/arm64/configs/sprd_gki_sharkl5Pro.fragment	COPY	new:sprd
./arch/arm64/configs/sprd_gki_sharkl5Pro_debug.fragment	COPY	new:sprd
./arch/arm64/configs/sprd_gki_sharkl5_debug.fragment	COPY	new:sprd
./arch/arm64/configs/sprd_gki_sharkl6.fragment	COPY	new:sprd
./arch/arm64/configs/sprd_gki_sharkl6_debug.fragment	COPY	new:sprd
./arch/arm64/configs/sprd_kasan_Skynet.fragment	COPY	new:sprd
./arch/arm64/configs/sprd_slub_Skynet.fragment	COPY	new:sprd
./arch/arm64/configs/sprd_swkasan_Skynet.fragment	COPY	new:sprd
./arch/arm64/configs/sprd_udx710_defconfig	COPY	new:sprd
./build.config.gki.aarch64.ums512	COPY	new:copy
./build.config/build.config.gki.aarch64.s9863a_user	COPY	new:copy
./build.config/build.config.gki.aarch64.s9863a_userdebug	COPY	new:copy
./build.config/build.config.gki.aarch64.ums312_user	COPY	new:copy
./build.config/build.config.gki.aarch64.ums312_userdebug	COPY	new:copy
./build.config/build.config.gki.aarch64.ums512_user	COPY	new:copy
./build.config/build.config.gki.aarch64.ums512_userdebug	COPY	new:copy
./build.config/build.config.gki.aarch64.ums9230_user	COPY	new:sprd
./build.config/build.config.gki.aarch64.ums9230_userdebug	COPY	new:sprd
./build.config/build.config.gki.aarch64.ums9610_user	COPY	new:sprd
./build.config/build.config.gki.aarch64.ums9610_userdebug	COPY	new:sprd
./build.config/build.config.gki.aarch64.ums9620_user	COPY	new:sprd
./build.config/build.config.gki.aarch64.ums9620_userdebug	COPY	new:sprd
./build.config/build.config.gki.aarch64.ums9621_user	COPY	new:sprd
./build.config/build.config.gki.aarch64.ums9621_userdebug	COPY	new:sprd
./build.config/build.config.gki.aarch64.ums9650_user	COPY	new:sprd
./build.config/build.config.gki.aarch64.ums9650_userdebug	COPY	new:sprd
./build.config/build.config.sprd.arm.s9863a_user	COPY	new:sprd
./build.config/build.config.sprd.arm.s9863a_userdebug	COPY	new:sprd
./build.config/build.config.sprd.arm.sp7731e_user	COPY	new:sprd
./build.config/build.config.sprd.arm.sp7731e_userdebug	COPY	new:sprd
./build.config/build.config.sprd.arm.sp9832e_user	COPY	new:sprd
./build.config/build.config.sprd.arm.sp9832e_userdebug	COPY	new:sprd
./drivers/Kconfig	WIRING	kbuild:unisoc-marker
./drivers/Makefile	WIRING	kbuild:unisoc-marker
./drivers/base/regmap/Kconfig	WIRING	kbuild:unisoc-marker
./drivers/base/regmap/regmap-hook.c	COPY	new:copy
./drivers/block/zram/zram_dedup.c	SKIP	new:skip
./drivers/block/zram/zram_dedup.h	SKIP	new:skip
./drivers/char/hw_random/Kconfig	WIRING	kbuild:unisoc-marker
./drivers/char/hw_random/Makefile	WIRING	kbuild:unisoc-marker
./drivers/char/hw_random/sprd_trng.c	COPY	new:sprd
./drivers/char/rpmb/Kconfig	COPY	new:copy
./drivers/char/rpmb/Makefile	COPY	new:copy
./drivers/char/rpmb/cdev.c	COPY	new:copy
./drivers/char/rpmb/core.c	COPY	new:copy
./drivers/char/rpmb/rpmb-cdev.h	COPY	new:copy
./drivers/char/rpmb/rpmb_sim.c	COPY	new:copy
./drivers/clk/sprd/Kconfig	USE-MOTO	common:sprd
./drivers/clk/sprd/Makefile	USE-MOTO	common:sprd
./drivers/clk/sprd/common.c	USE-MOTO	common:sprd
./drivers/clk/sprd/common.h	USE-MOTO	common:sprd
./drivers/clk/sprd/composite.h	USE-MOTO	common:sprd
./drivers/clk/sprd/div.c	USE-MOTO	common:sprd
./drivers/clk/sprd/div.h	USE-MOTO	common:sprd
./drivers/clk/sprd/pll.c	USE-MOTO	common:sprd
./drivers/clk/sprd/pll.h	USE-MOTO	common:sprd
./drivers/clk/sprd/reset.c	COPY	new:sprd
./drivers/clk/sprd/reset.h	COPY	new:sprd
./drivers/clk/sprd/sc7731e-clk.c	COPY	new:sprd
./drivers/clk/sprd/sc9832e-clk.c	COPY	new:sprd
./drivers/clk/sprd/sc9860-clk.c	USE-MOTO	common:sprd
./drivers/clk/sprd/sc9863a-clk.c	USE-MOTO	common:sprd
./drivers/clk/sprd/udx710-clk.c	COPY	new:sprd
./drivers/clk/sprd/uis8520-clk.c	COPY	new:sprd
./drivers/clk/sprd/ums312-clk.c	COPY	new:sprd
./drivers/clk/sprd/ums512-clk.c	COPY	new:sprd
./drivers/clk/sprd/ums9230-clk.c	COPY	new:sprd
./drivers/clk/sprd/ums9620-clk.c	COPY	new:sprd
./drivers/clk/sprd/ums9621-clk.c	COPY	new:sprd
./drivers/clocksource/Kconfig	WIRING	kbuild:unisoc-marker
./drivers/clocksource/timer-sprd.c	USE-MOTO	common:sprd
./drivers/cpufreq/Makefile	WIRING	kbuild:unisoc-marker
./drivers/cpufreq/sprd-cpufreq-common.c	COPY	new:sprd
./drivers/cpufreq/sprd-cpufreq-common.h	COPY	new:sprd
./drivers/cpufreq/sprd-cpufreq-v2-debug.c	COPY	new:sprd
./drivers/cpufreq/sprd-cpufreq-v2-driver.c	COPY	new:sprd
./drivers/cpufreq/sprd-cpufreq-v2.h	COPY	new:sprd
./drivers/cpufreq/sprd-cpufreqsw.c	COPY	new:sprd
./drivers/cpuidle/Makefile	WIRING	kbuild:unisoc-marker
./drivers/cpuidle/cpuidle-sprd.c	COPY	new:sprd
./drivers/crypto/qat/qat_common/adf_cfg_user.h	SKIP	new:skip
./drivers/devfreq/Kconfig	WIRING	kbuild:unisoc-marker
./drivers/devfreq/Makefile	WIRING	kbuild:unisoc-marker
./drivers/devfreq/apsys/Makefile	COPY	new:copy
./drivers/devfreq/apsys/dpu/dpu_dvfs_qogirl6.c	COPY	new:copy
./drivers/devfreq/apsys/dpu/dpu_dvfs_qogirn6lite.c	COPY	new:sprd
./drivers/devfreq/apsys/dpu/dpu_dvfs_qogirn6pro.c	COPY	new:sprd
./drivers/devfreq/apsys/dpu/dpu_dvfs_roc1.c	COPY	new:copy
./drivers/devfreq/apsys/dpu/dpu_dvfs_sharkl5.c	COPY	new:sprd
./drivers/devfreq/apsys/dpu/dpu_dvfs_sharkl5pro.c	COPY	new:sprd
./drivers/devfreq/apsys/gsp/gsp_dvfs_qogirn6lite.c	COPY	new:sprd
./drivers/devfreq/apsys/gsp/gsp_dvfs_qogirn6pro.c	COPY	new:sprd
./drivers/devfreq/apsys/sprd_dvfs_apsys.c	COPY	new:sprd
./drivers/devfreq/apsys/sprd_dvfs_apsys.h	COPY	new:sprd
./drivers/devfreq/apsys/sprd_dvfs_dpu.c	COPY	new:sprd
./drivers/devfreq/apsys/sprd_dvfs_dpu.h	COPY	new:sprd
./drivers/devfreq/apsys/sprd_dvfs_gsp.c	COPY	new:sprd
./drivers/devfreq/apsys/sprd_dvfs_gsp.h	COPY	new:sprd
./drivers/devfreq/apsys/sprd_dvfs_vdsp.c	COPY	new:sprd
./drivers/devfreq/apsys/sprd_dvfs_vdsp.h	COPY	new:sprd
./drivers/devfreq/apsys/sprd_dvfs_vsp.c	COPY	new:sprd
./drivers/devfreq/apsys/sprd_dvfs_vsp.h	COPY	new:sprd
./drivers/devfreq/apsys/sys/apsys_dvfs_qogirl6.c	COPY	new:copy
./drivers/devfreq/apsys/sys/apsys_dvfs_qogirl6.h	COPY	new:copy
./drivers/devfreq/apsys/sys/apsys_dvfs_qogirn6lite.c	COPY	new:sprd
./drivers/devfreq/apsys/sys/apsys_dvfs_qogirn6lite.h	COPY	new:sprd
./drivers/devfreq/apsys/sys/apsys_dvfs_qogirn6pro.c	COPY	new:sprd
./drivers/devfreq/apsys/sys/apsys_dvfs_qogirn6pro.h	COPY	new:sprd
./drivers/devfreq/apsys/sys/apsys_dvfs_roc1.c	COPY	new:copy
./drivers/devfreq/apsys/sys/apsys_dvfs_roc1.h	COPY	new:copy
./drivers/devfreq/apsys/sys/apsys_dvfs_sharkl5.c	COPY	new:sprd
./drivers/devfreq/apsys/sys/apsys_dvfs_sharkl5.h	COPY	new:sprd
./drivers/devfreq/apsys/sys/apsys_dvfs_sharkl5pro.c	COPY	new:sprd
./drivers/devfreq/apsys/sys/apsys_dvfs_sharkl5pro.h	COPY	new:sprd
./drivers/devfreq/apsys/vdsp/vdsp_dvfs_sharkl5pro.c	COPY	new:sprd
./drivers/devfreq/apsys/vdsp/vdsp_dvfs_sharkl5pro.h	COPY	new:sprd
./drivers/devfreq/apsys/vsp/vpudec_dvfs_qogirn6lite.c	COPY	new:sprd
./drivers/devfreq/apsys/vsp/vpudec_dvfs_qogirn6pro.c	COPY	new:sprd
./drivers/devfreq/apsys/vsp/vpuenc_dvfs_qogirn6lite.c	COPY	new:sprd
./drivers/devfreq/apsys/vsp/vpuenc_dvfs_qogirn6pro.c	COPY	new:sprd
./drivers/devfreq/apsys/vsp/vsp_dvfs_qogirl6.c	COPY	new:copy
./drivers/devfreq/apsys/vsp/vsp_dvfs_roc1.c	COPY	new:copy
./drivers/devfreq/apsys/vsp/vsp_dvfs_sharkl5.c	COPY	new:sprd
./drivers/devfreq/apsys/vsp/vsp_dvfs_sharkl5pro.c	COPY	new:sprd
./drivers/devfreq/sprd/Makefile	COPY	new:sprd
./drivers/devfreq/sprd/sprd_ddr_dvfs.h	COPY	new:sprd
./drivers/devfreq/sprd/sprd_ddr_dvfs_core.c	COPY	new:sprd
./drivers/devfreq/sprd/sprd_ddr_dvfs_sp.c	COPY	new:sprd
./drivers/devfreq/sprd/sprd_governor_vote.c	COPY	new:sprd
./drivers/devfreq/sprd_cp_dvfs.c	COPY	new:sprd
./drivers/devfreq/sprd_cp_dvfs.h	COPY	new:sprd
./drivers/dma-buf/heaps/Kconfig	WIRING	kbuild:unisoc-marker
./drivers/dma-buf/heaps/cma.h	COPY	new:copy
./drivers/dma-buf/heaps/ion_debug.h	COPY	new:copy
./drivers/dma-buf/heaps/ion_ipc_trusty.c	REVIEW	new:review
./drivers/dma-buf/heaps/ion_ipc_trusty.h	REVIEW	new:review
./drivers/dma/sprd-dma.c	USE-MOTO	common:sprd
./drivers/firmware/Kconfig	WIRING	kbuild:unisoc-marker
./drivers/firmware/Makefile	WIRING	kbuild:unisoc-marker
./drivers/firmware/sprd_sip_svc.c	COPY	new:sprd
./drivers/gpio/Kconfig	WIRING	kbuild:unisoc-marker
./drivers/gpio/Makefile	WIRING	kbuild:unisoc-marker
./drivers/gpio/gpio-eic-sprd.c	USE-MOTO	common:sprd
./drivers/gpio/gpio-plus-sprd.c	COPY	new:sprd
./drivers/gpio/gpio-pmic-eic-sprd.c	USE-MOTO	common:sprd
./drivers/gpio/gpio-sprd.c	USE-MOTO	common:sprd
./drivers/gpu/drm/amd/display/dc/calcs/Makefile	SKIP	new:skip
./drivers/gpu/drm/amd/display/dc/calcs/bw_fixed.c	SKIP	new:skip
./drivers/gpu/drm/amd/display/dc/calcs/calcs_logger.h	SKIP	new:skip
./drivers/gpu/drm/amd/display/dc/calcs/custom_float.c	SKIP	new:skip
./drivers/gpu/drm/amd/display/dc/calcs/dce_calcs.c	SKIP	new:skip
./drivers/gpu/drm/amd/display/dc/calcs/dcn_calc_auto.c	SKIP	new:skip
./drivers/gpu/drm/amd/display/dc/calcs/dcn_calc_auto.h	SKIP	new:skip
./drivers/gpu/drm/amd/display/dc/calcs/dcn_calc_math.c	SKIP	new:skip
./drivers/gpu/drm/amd/display/dc/calcs/dcn_calcs.c	SKIP	new:skip
./drivers/gpu/drm/amd/display/dc/dml/dcn2x/dcn2x.c	SKIP	new:skip
./drivers/gpu/drm/amd/display/dc/dml/dcn2x/dcn2x.h	SKIP	new:skip
./drivers/i2c/busses/Kconfig	WIRING	kbuild:unisoc-marker
./drivers/i2c/busses/Makefile	WIRING	kbuild:unisoc-marker
./drivers/i2c/busses/i2c-sprd-hw-v2.c	COPY	new:sprd
./drivers/i2c/busses/i2c-sprd-hw.c	COPY	new:sprd
./drivers/i2c/busses/i2c-sprd.c	USE-MOTO	common:sprd
./drivers/iio/Kconfig	WIRING	kbuild:unisoc-marker
./drivers/iio/Makefile	WIRING	kbuild:unisoc-marker
./drivers/iio/adc/sc27xx_adc.c	USE-MOTO	common:sprd
./drivers/iio/sprd_hub/Kconfig	COPY	new:sprd
./drivers/iio/sprd_hub/Makefile	COPY	new:sprd
./drivers/iio/sprd_hub/shub_comm.c	COPY	new:sprd
./drivers/iio/sprd_hub/shub_common.h	COPY	new:sprd
./drivers/iio/sprd_hub/shub_core.c	COPY	new:sprd
./drivers/iio/sprd_hub/shub_core.h	COPY	new:sprd
./drivers/iio/sprd_hub/shub_opcode.h	COPY	new:sprd
./drivers/iio/sprd_hub/shub_protocol.c	COPY	new:sprd
./drivers/iio/sprd_hub/shub_protocol.h	COPY	new:sprd
./drivers/input/keyboard/Kconfig	WIRING	kbuild:unisoc-marker
./drivers/input/keyboard/Makefile	WIRING	kbuild:unisoc-marker
./drivers/input/keyboard/sprd_keypad.c	COPY	new:sprd
./drivers/input/misc/sc27xx-vibra.c	USE-MOTO	common:sprd
./drivers/iommu/sprd-iommu.c	USE-MOTO	common:sprd
./drivers/leds/Kconfig	WIRING	kbuild:unisoc-marker
./drivers/leds/Makefile	WIRING	kbuild:unisoc-marker
./drivers/leds/leds-sc27xx-bltc.c	USE-MOTO	common:sprd
./drivers/leds/leds-sc27xx-keypad.c	COPY	new:sprd
./drivers/mailbox/sprd-mailbox.c	USE-MOTO	common:sprd
./drivers/mfd/Makefile	WIRING	kbuild:unisoc-marker
./drivers/mfd/sprd-pmic-spi.c	COPY	new:sprd
./drivers/misc/Kconfig	WIRING	kbuild:unisoc-marker
./drivers/misc/Makefile	WIRING	kbuild:unisoc-marker
./drivers/misc/sprd_soc_id.c	COPY	new:sprd
./drivers/misc/sprd_uid.c	COPY	new:sprd
./drivers/misc/vibrator/Kconfig	COPY	new:copy
./drivers/misc/vibrator/Makefile	COPY	new:copy
./drivers/misc/vibrator/vibrator_drv.c	COPY	new:copy
./drivers/mmc/host/Kconfig	WIRING	kbuild:unisoc-marker
./drivers/mmc/host/mmc_swcq.c	COPY	new:copy
./drivers/mmc/host/mmc_swcq.h	COPY	new:copy
./drivers/mmc/host/sdhci-sprd-debug.c	COPY	new:sprd
./drivers/mmc/host/sdhci-sprd-debug.h	COPY	new:sprd
./drivers/mmc/host/sdhci-sprd-debugfs.c	COPY	new:sprd
./drivers/mmc/host/sdhci-sprd-debugfs.h	COPY	new:sprd
./drivers/mmc/host/sdhci-sprd-ffu.c	COPY	new:sprd
./drivers/mmc/host/sdhci-sprd-ffu.h	COPY	new:sprd
./drivers/mmc/host/sdhci-sprd-health.c	COPY	new:sprd
./drivers/mmc/host/sdhci-sprd-health.h	COPY	new:sprd
./drivers/mmc/host/sdhci-sprd-powp.c	COPY	new:sprd
./drivers/mmc/host/sdhci-sprd-powp.h	COPY	new:sprd
./drivers/mmc/host/sdhci-sprd-swcq.c	COPY	new:sprd
./drivers/mmc/host/sdhci-sprd-swcq.h	COPY	new:sprd
./drivers/mmc/host/sdhci-sprd-tuning.c	COPY	new:sprd
./drivers/mmc/host/sdhci-sprd-tuning.h	COPY	new:sprd
./drivers/mmc/host/sdhci-sprd.c	USE-MOTO	common:sprd
./drivers/mtd/nand/raw/Kconfig	WIRING	kbuild:unisoc-marker
./drivers/mtd/nand/raw/Makefile	WIRING	kbuild:unisoc-marker
./drivers/mtd/nand/raw/sprd_nand.c	COPY	new:sprd
./drivers/mtd/nand/raw/sprd_nfc.c	COPY	new:sprd
./drivers/mtd/nand/raw/sprd_nfc.h	COPY	new:sprd
./drivers/mtd/nand/raw/sprd_nfc_dbg.c	COPY	new:sprd
./drivers/mtd/nand/raw/sprd_nfc_dbg.h	COPY	new:sprd
./drivers/mtd/nand/raw/sprd_snfc.c	COPY	new:sprd
./drivers/net/ethernet/hisilicon/hns3/hns3pf/Makefile	SKIP	new:skip
./drivers/net/ethernet/hisilicon/hns3/hns3vf/Makefile	SKIP	new:skip
./drivers/nvmem/Kconfig	WIRING	kbuild:unisoc-marker
./drivers/nvmem/Makefile	WIRING	kbuild:unisoc-marker
./drivers/nvmem/sc27xx-efuse.c	USE-MOTO	common:sprd
./drivers/nvmem/sprd-efuse.c	USE-MOTO	common:sprd
./drivers/nvmem/sprd_cache_efuse.c	COPY	new:sprd
./drivers/ontim/Kconfig	SKIP	new:skip
./drivers/ontim/Makefile	SKIP	new:skip
./drivers/ontim/hwinfo.c	SKIP	new:skip
./drivers/ontim/hwinfo.h	SKIP	new:skip
./drivers/ontim/hwinfo_vendor.c	SKIP	new:skip
./drivers/pci/controller/dwc/Kconfig	WIRING	kbuild:unisoc-marker
./drivers/pci/controller/dwc/Makefile	WIRING	kbuild:unisoc-marker
./drivers/pci/controller/dwc/pcie-sprd-ep.c	COPY	new:sprd
./drivers/pci/controller/dwc/pcie-sprd-misc.c	COPY	new:sprd
./drivers/pci/controller/dwc/pcie-sprd.c	COPY	new:sprd
./drivers/pci/controller/dwc/pcie-sprd.h	COPY	new:sprd
./drivers/pci/endpoint/functions/Kconfig	WIRING	kbuild:unisoc-marker
./drivers/pci/endpoint/functions/Makefile	WIRING	kbuild:unisoc-marker
./drivers/pci/endpoint/functions/pcie-epf-sprd.c	COPY	new:sprd
./drivers/pinctrl/sprd/Kconfig	USE-MOTO	common:sprd
./drivers/pinctrl/sprd/Makefile	USE-MOTO	common:sprd
./drivers/pinctrl/sprd/pinctrl-sprd-pike2.c	COPY	new:sprd
./drivers/pinctrl/sprd/pinctrl-sprd-qogirl6.c	COPY	new:sprd
./drivers/pinctrl/sprd/pinctrl-sprd-qogirn6lite.c	COPY	new:sprd
./drivers/pinctrl/sprd/pinctrl-sprd-qogirn6pro.c	COPY	new:sprd
./drivers/pinctrl/sprd/pinctrl-sprd-sharkl3.c	COPY	new:sprd
./drivers/pinctrl/sprd/pinctrl-sprd-sharkl5.c	COPY	new:sprd
./drivers/pinctrl/sprd/pinctrl-sprd-sharkl5Pro.c	COPY	new:sprd
./drivers/pinctrl/sprd/pinctrl-sprd-sharkle.c	COPY	new:sprd
./drivers/pinctrl/sprd/pinctrl-sprd.c	USE-MOTO	common:sprd
./drivers/pinctrl/sprd/pinctrl-sprd.h	USE-MOTO	common:sprd
./drivers/power/reset/sc27xx-poweroff.c	USE-MOTO	common:sprd
./drivers/power/supply/Kconfig	WIRING	kbuild:unisoc-marker
./drivers/power/supply/Makefile	WIRING	kbuild:unisoc-marker
./drivers/power/supply/aw32257_charger.c	COPY	new:copy
./drivers/power/supply/bq2560x-charger.c	COPY	new:copy
./drivers/power/supply/bq2560x-pe-charger.c	COPY	new:copy
./drivers/power/supply/bq2560x-qc-charger.c	COPY	new:copy
./drivers/power/supply/bq25910_charger.c	COPY	new:copy
./drivers/power/supply/bq2597x-charger.c	COPY	new:copy
./drivers/power/supply/eta6937-charger.c	COPY	new:copy
./drivers/power/supply/fan54015-charger.c	COPY	new:copy
./drivers/power/supply/hl1506_charger.c	COPY	new:copy
./drivers/power/supply/hl7015-charger.c	COPY	new:copy
./drivers/power/supply/hl7015-qc-charger.c	COPY	new:copy
./drivers/power/supply/hl7139-charger.c	COPY	new:copy
./drivers/power/supply/nu1619_wireless_charger.c	COPY	new:copy
./drivers/power/supply/rx1619.h	COPY	new:copy
./drivers/power/supply/sc2720_charger.c	COPY	new:sprd
./drivers/power/supply/sc2721_charger.c	COPY	new:sprd
./drivers/power/supply/sc2731_charger.c	USE-MOTO	common:sprd
./drivers/power/supply/sc27xx_fast_charger.c	COPY	new:sprd
./drivers/power/supply/sc27xx_fuel_gauge.c	USE-MOTO	common:sprd
./drivers/power/supply/sc8541-charger.c	COPY	new:copy
./drivers/power/supply/sc8549-charger.c	COPY	new:copy
./drivers/power/supply/sc8551-charger.c	COPY	new:copy
./drivers/power/supply/sgm41511-charger.c	COPY	new:copy
./drivers/power/supply/sgm41513-charger.c	COPY	new:copy
./drivers/power/supply/sgm41516-charger.c	COPY	new:copy
./drivers/power/supply/sprd_battery_info.c	COPY	new:sprd
./drivers/power/supply/sprd_fchg_extcon.c	COPY	new:sprd
./drivers/power/supply/sprd_fuel_gauge_core.c	COPY	new:sprd
./drivers/power/supply/sprd_sc27xx_fuel_gauge.c	COPY	new:sprd
./drivers/power/supply/sprd_ump96xx_fuel_gauge.c	COPY	new:sprd
./drivers/power/supply/sprd_vchg_detect.c	COPY	new:sprd
./drivers/power/supply/sprd_vote.c	COPY	new:sprd
./drivers/power/supply/sy65153_wireless_charger.c	COPY	new:copy
./drivers/power/supply/upm6710-charger.c	COPY	new:copy
./drivers/power/supply/upm6920-charger.c	COPY	new:copy
./drivers/power/supply/upm6920-qc-charger.c	COPY	new:copy
./drivers/pwm/pwm-sprd.c	USE-MOTO	common:sprd
./drivers/regulator/Kconfig	WIRING	kbuild:unisoc-marker
./drivers/regulator/Makefile	WIRING	kbuild:unisoc-marker
./drivers/regulator/add-otg-regulator.c	COPY	new:copy
./drivers/regulator/sc2720-regulator.c	COPY	new:sprd
./drivers/regulator/sc2721-regulator.c	COPY	new:sprd
./drivers/regulator/sc2730-regulator.c	COPY	new:sprd
./drivers/regulator/ump9620-regulator.c	COPY	new:sprd
./drivers/regulator/ump9621-regulator.c	COPY	new:sprd
./drivers/rtc/Kconfig	WIRING	kbuild:unisoc-marker
./drivers/rtc/rtc-sc27xx.c	USE-MOTO	common:sprd
./drivers/scsi/ufs/Kconfig	WIRING	kbuild:unisoc-marker
./drivers/scsi/ufs/Makefile	WIRING	kbuild:unisoc-marker
./drivers/scsi/ufs/ufs-sprd-bootdevice.c	COPY	new:sprd
./drivers/scsi/ufs/ufs-sprd-bootdevice.h	COPY	new:sprd
./drivers/scsi/ufs/ufs-sprd-debug.c	COPY	new:sprd
./drivers/scsi/ufs/ufs-sprd-debug.h	COPY	new:sprd
./drivers/scsi/ufs/ufs-sprd-health-device.c	COPY	new:sprd
./drivers/scsi/ufs/ufs-sprd-health-device.h	COPY	new:sprd
./drivers/scsi/ufs/ufs-sprd-ioctl.c	COPY	new:sprd
./drivers/scsi/ufs/ufs-sprd-ioctl.h	COPY	new:sprd
./drivers/scsi/ufs/ufs-sprd-pwr-debug.c	COPY	new:sprd
./drivers/scsi/ufs/ufs-sprd-pwr-debug.h	COPY	new:sprd
./drivers/scsi/ufs/ufs-sprd-qogirl6.c	COPY	new:sprd
./drivers/scsi/ufs/ufs-sprd-qogirl6.h	COPY	new:sprd
./drivers/scsi/ufs/ufs-sprd-qogirn6l.c	COPY	new:sprd
./drivers/scsi/ufs/ufs-sprd-qogirn6l.h	COPY	new:sprd
./drivers/scsi/ufs/ufs-sprd-qogirn6pro.c	COPY	new:sprd
./drivers/scsi/ufs/ufs-sprd-qogirn6pro.h	COPY	new:sprd
./drivers/scsi/ufs/ufs-sprd-rpmb.c	COPY	new:sprd
./drivers/scsi/ufs/ufs-sprd-rpmb.h	COPY	new:sprd
./drivers/scsi/ufs/ufs-sprd.c	COPY	new:sprd
./drivers/scsi/ufs/ufs-sprd.h	COPY	new:sprd
./drivers/soc/Kconfig	WIRING	kbuild:unisoc-marker
./drivers/soc/Makefile	WIRING	kbuild:unisoc-marker
./drivers/soc/sprd/Kconfig	COPY	new:sprd
./drivers/soc/sprd/Makefile	COPY	new:sprd
./drivers/soc/sprd/domain/Kconfig	COPY	new:sprd
./drivers/soc/sprd/domain/Makefile	COPY	new:sprd
./drivers/soc/sprd/domain/sprd_disp_pm_domain_sharkl3.c	COPY	new:sprd
./drivers/soc/sprd/sprd_pike2_sleep.c	COPY	new:sprd
./drivers/soc/sprd/sprd_pmic_refout.c	COPY	new:sprd
./drivers/spi/Makefile	WIRING	kbuild:unisoc-marker
./drivers/spi/spi-sprd-adi.c	USE-MOTO	common:sprd
./drivers/spi/spi-sprd-slave.c	COPY	new:sprd
./drivers/spi/spi-sprd.c	USE-MOTO	common:sprd
./drivers/staging/android/ion/Kconfig	COPY	new:copy
./drivers/staging/android/ion/Makefile	COPY	new:copy
./drivers/staging/android/ion/heaps/Kconfig	COPY	new:copy
./drivers/staging/android/ion/heaps/Makefile	COPY	new:copy
./drivers/staging/android/ion/heaps/ion_cma_heap.c	COPY	new:copy
./drivers/staging/android/ion/heaps/ion_page_pool.c	COPY	new:copy
./drivers/staging/android/ion/heaps/ion_page_pool.h	COPY	new:copy
./drivers/staging/android/ion/heaps/ion_system_heap.c	COPY	new:copy
./drivers/staging/android/ion/ion.c	COPY	new:copy
./drivers/staging/android/ion/ion_buffer.c	COPY	new:copy
./drivers/staging/android/ion/ion_dma_buf.c	COPY	new:copy
./drivers/staging/android/ion/ion_heap.c	COPY	new:copy
./drivers/staging/android/ion/ion_private.h	COPY	new:copy
./drivers/staging/android/ion/ion_trace.h	COPY	new:copy
./drivers/staging/android/ion/sprd/Makefile	COPY	new:sprd
./drivers/staging/android/ion/sprd/sprd_ion.c	COPY	new:sprd
./drivers/staging/rtl8712/Kconfig	SKIP	new:skip
./drivers/staging/rtl8712/Makefile	SKIP	new:skip
./drivers/staging/rtl8712/TODO	SKIP	new:skip
./drivers/staging/rtl8712/basic_types.h	SKIP	new:skip
./drivers/staging/rtl8712/drv_types.h	SKIP	new:skip
./drivers/staging/rtl8712/ethernet.h	SKIP	new:skip
./drivers/staging/rtl8712/hal_init.c	SKIP	new:skip
./drivers/staging/rtl8712/ieee80211.c	SKIP	new:skip
./drivers/staging/rtl8712/ieee80211.h	SKIP	new:skip
./drivers/staging/rtl8712/mlme_linux.c	SKIP	new:skip
./drivers/staging/rtl8712/mlme_osdep.h	SKIP	new:skip
./drivers/staging/rtl8712/mp_custom_oid.h	SKIP	new:skip
./drivers/staging/rtl8712/os_intfs.c	SKIP	new:skip
./drivers/staging/rtl8712/osdep_intf.h	SKIP	new:skip
./drivers/staging/rtl8712/osdep_service.h	SKIP	new:skip
./drivers/staging/rtl8712/recv_linux.c	SKIP	new:skip
./drivers/staging/rtl8712/recv_osdep.h	SKIP	new:skip
./drivers/staging/rtl8712/rtl8712_bitdef.h	SKIP	new:skip
./drivers/staging/rtl8712/rtl8712_cmd.c	SKIP	new:skip
./drivers/staging/rtl8712/rtl8712_cmd.h	SKIP	new:skip
./drivers/staging/rtl8712/rtl8712_cmdctrl_bitdef.h	SKIP	new:skip
./drivers/staging/rtl8712/rtl8712_cmdctrl_regdef.h	SKIP	new:skip
./drivers/staging/rtl8712/rtl8712_debugctrl_bitdef.h	SKIP	new:skip
./drivers/staging/rtl8712/rtl8712_debugctrl_regdef.h	SKIP	new:skip
./drivers/staging/rtl8712/rtl8712_edcasetting_bitdef.h	SKIP	new:skip
./drivers/staging/rtl8712/rtl8712_edcasetting_regdef.h	SKIP	new:skip
./drivers/staging/rtl8712/rtl8712_efuse.c	SKIP	new:skip
./drivers/staging/rtl8712/rtl8712_efuse.h	SKIP	new:skip
./drivers/staging/rtl8712/rtl8712_event.h	SKIP	new:skip
./drivers/staging/rtl8712/rtl8712_fifoctrl_bitdef.h	SKIP	new:skip
./drivers/staging/rtl8712/rtl8712_fifoctrl_regdef.h	SKIP	new:skip
./drivers/staging/rtl8712/rtl8712_gp_bitdef.h	SKIP	new:skip
./drivers/staging/rtl8712/rtl8712_gp_regdef.h	SKIP	new:skip
./drivers/staging/rtl8712/rtl8712_hal.h	SKIP	new:skip
./drivers/staging/rtl8712/rtl8712_interrupt_bitdef.h	SKIP	new:skip
./drivers/staging/rtl8712/rtl8712_io.c	SKIP	new:skip
./drivers/staging/rtl8712/rtl8712_led.c	SKIP	new:skip
./drivers/staging/rtl8712/rtl8712_macsetting_bitdef.h	SKIP	new:skip
./drivers/staging/rtl8712/rtl8712_macsetting_regdef.h	SKIP	new:skip
./drivers/staging/rtl8712/rtl8712_powersave_bitdef.h	SKIP	new:skip
./drivers/staging/rtl8712/rtl8712_powersave_regdef.h	SKIP	new:skip
./drivers/staging/rtl8712/rtl8712_ratectrl_bitdef.h	SKIP	new:skip
./drivers/staging/rtl8712/rtl8712_ratectrl_regdef.h	SKIP	new:skip
./drivers/staging/rtl8712/rtl8712_recv.c	SKIP	new:skip
./drivers/staging/rtl8712/rtl8712_recv.h	SKIP	new:skip
./drivers/staging/rtl8712/rtl8712_regdef.h	SKIP	new:skip
./drivers/staging/rtl8712/rtl8712_security_bitdef.h	SKIP	new:skip
./drivers/staging/rtl8712/rtl8712_spec.h	SKIP	new:skip
./drivers/staging/rtl8712/rtl8712_syscfg_bitdef.h	SKIP	new:skip
./drivers/staging/rtl8712/rtl8712_syscfg_regdef.h	SKIP	new:skip
./drivers/staging/rtl8712/rtl8712_timectrl_bitdef.h	SKIP	new:skip
./drivers/staging/rtl8712/rtl8712_timectrl_regdef.h	SKIP	new:skip
./drivers/staging/rtl8712/rtl8712_wmac_bitdef.h	SKIP	new:skip
./drivers/staging/rtl8712/rtl8712_wmac_regdef.h	SKIP	new:skip
./drivers/staging/rtl8712/rtl8712_xmit.c	SKIP	new:skip
./drivers/staging/rtl8712/rtl8712_xmit.h	SKIP	new:skip
./drivers/staging/rtl8712/rtl871x_cmd.c	SKIP	new:skip
./drivers/staging/rtl8712/rtl871x_cmd.h	SKIP	new:skip
./drivers/staging/rtl8712/rtl871x_debug.h	SKIP	new:skip
./drivers/staging/rtl8712/rtl871x_eeprom.c	SKIP	new:skip
./drivers/staging/rtl8712/rtl871x_eeprom.h	SKIP	new:skip
./drivers/staging/rtl8712/rtl871x_event.h	SKIP	new:skip
./drivers/staging/rtl8712/rtl871x_ht.h	SKIP	new:skip
./drivers/staging/rtl8712/rtl871x_io.c	SKIP	new:skip
./drivers/staging/rtl8712/rtl871x_io.h	SKIP	new:skip
./drivers/staging/rtl8712/rtl871x_ioctl.h	SKIP	new:skip
./drivers/staging/rtl8712/rtl871x_ioctl_linux.c	SKIP	new:skip
./drivers/staging/rtl8712/rtl871x_ioctl_rtl.c	SKIP	new:skip
./drivers/staging/rtl8712/rtl871x_ioctl_rtl.h	SKIP	new:skip
./drivers/staging/rtl8712/rtl871x_ioctl_set.c	SKIP	new:skip
./drivers/staging/rtl8712/rtl871x_ioctl_set.h	SKIP	new:skip
./drivers/staging/rtl8712/rtl871x_led.h	SKIP	new:skip
./drivers/staging/rtl8712/rtl871x_mlme.c	SKIP	new:skip
./drivers/staging/rtl8712/rtl871x_mlme.h	SKIP	new:skip
./drivers/staging/rtl8712/rtl871x_mp.c	SKIP	new:skip
./drivers/staging/rtl8712/rtl871x_mp.h	SKIP	new:skip
./drivers/staging/rtl8712/rtl871x_mp_ioctl.c	SKIP	new:skip
./drivers/staging/rtl8712/rtl871x_mp_ioctl.h	SKIP	new:skip
./drivers/staging/rtl8712/rtl871x_mp_phy_regdef.h	SKIP	new:skip
./drivers/staging/rtl8712/rtl871x_pwrctrl.c	SKIP	new:skip
./drivers/staging/rtl8712/rtl871x_pwrctrl.h	SKIP	new:skip
./drivers/staging/rtl8712/rtl871x_recv.c	SKIP	new:skip
./drivers/staging/rtl8712/rtl871x_recv.h	SKIP	new:skip
./drivers/staging/rtl8712/rtl871x_rf.h	SKIP	new:skip
./drivers/staging/rtl8712/rtl871x_security.c	SKIP	new:skip
./drivers/staging/rtl8712/rtl871x_security.h	SKIP	new:skip
./drivers/staging/rtl8712/rtl871x_sta_mgt.c	SKIP	new:skip
./drivers/staging/rtl8712/rtl871x_wlan_sme.h	SKIP	new:skip
./drivers/staging/rtl8712/rtl871x_xmit.c	SKIP	new:skip
./drivers/staging/rtl8712/rtl871x_xmit.h	SKIP	new:skip
./drivers/staging/rtl8712/sta_info.h	SKIP	new:skip
./drivers/staging/rtl8712/usb_halinit.c	SKIP	new:skip
./drivers/staging/rtl8712/usb_intf.c	SKIP	new:skip
./drivers/staging/rtl8712/usb_ops.c	SKIP	new:skip
./drivers/staging/rtl8712/usb_ops.h	SKIP	new:skip
./drivers/staging/rtl8712/usb_ops_linux.c	SKIP	new:skip
./drivers/staging/rtl8712/usb_osintf.h	SKIP	new:skip
./drivers/staging/rtl8712/wifi.h	SKIP	new:skip
./drivers/staging/rtl8712/wlan_bssdef.h	SKIP	new:skip
./drivers/staging/rtl8712/xmit_linux.c	SKIP	new:skip
./drivers/staging/rtl8712/xmit_osdep.h	SKIP	new:skip
./drivers/thermal/Kconfig	WIRING	kbuild:unisoc-marker
./drivers/thermal/Makefile	WIRING	kbuild:unisoc-marker
./drivers/thermal/sc27xx_tsensor_thermal.c	COPY	new:sprd
./drivers/thermal/sprd_dedicate_thm.c	COPY	new:sprd
./drivers/thermal/sprd_shell_thm.c	COPY	new:sprd
./drivers/thermal/sprd_skin_thm.c	COPY	new:sprd
./drivers/thermal/sprd_thermal.c	USE-MOTO	common:sprd
./drivers/thermal/sprd_thermal_r5p0.c	COPY	new:sprd
./drivers/thermal/sprd_ump96xx_tsensor.c	COPY	new:sprd
./drivers/trusty/Kconfig	SKIP	new:skip
./drivers/trusty/Makefile	SKIP	new:skip
./drivers/trusty/sm_err.h	SKIP	new:skip
./drivers/trusty/sprd_shm.c	COPY	new:sprd
./drivers/trusty/sprd_shm.h	COPY	new:sprd
./drivers/trusty/trusty-core.c	SKIP	new:skip
./drivers/trusty/trusty-ipc.c	SKIP	new:skip
./drivers/trusty/trusty-irq.c	SKIP	new:skip
./drivers/trusty/trusty-log.c	SKIP	new:skip
./drivers/trusty/trusty-log.h	SKIP	new:skip
./drivers/trusty/trusty-mem.c	SKIP	new:skip
./drivers/trusty/trusty-pm.c	SKIP	new:skip
./drivers/trusty/trusty-tui.c	SKIP	new:skip
./drivers/trusty/trusty-virtio.c	SKIP	new:skip
./drivers/trusty/trusty.h	SKIP	new:skip
./drivers/tty/serial/sprd_serial.c	USE-MOTO	common:sprd
./drivers/unisoc_platform/Kconfig	COPY	new:sprd
./drivers/unisoc_platform/Makefile	COPY	new:sprd
./drivers/unisoc_platform/autotest/Kconfig	COPY	new:sprd
./drivers/unisoc_platform/autotest/Makefile	COPY	new:sprd
./drivers/unisoc_platform/autotest/core.c	COPY	new:sprd
./drivers/unisoc_platform/autotest/core.h	COPY	new:sprd
./drivers/unisoc_platform/autotest/gpio.c	COPY	new:sprd
./drivers/unisoc_platform/autotest/otg.c	COPY	new:sprd
./drivers/unisoc_platform/autotest/pinctrl.c	COPY	new:sprd
./drivers/unisoc_platform/binder/Kconfig	COPY	new:sprd
./drivers/unisoc_platform/binder/Makefile	COPY	new:sprd
./drivers/unisoc_platform/binder/unibinder.c	COPY	new:sprd
./drivers/unisoc_platform/binder/unibinder.h	COPY	new:sprd
./drivers/unisoc_platform/binder/unibinder_netlink.c	COPY	new:sprd
./drivers/unisoc_platform/binder/unibinder_netlink.h	COPY	new:sprd
./drivers/unisoc_platform/binder/unibinder_trace.h	COPY	new:sprd
./drivers/unisoc_platform/cpufreq/Kconfig	COPY	new:sprd
./drivers/unisoc_platform/cpufreq/Makefile	COPY	new:sprd
./drivers/unisoc_platform/cpufreq/unisoc_multi_control.c	COPY	new:sprd
./drivers/unisoc_platform/cpufreq/unisoc_multi_control.h	COPY	new:sprd
./drivers/unisoc_platform/debug/Kconfig	COPY	new:sprd
./drivers/unisoc_platform/debug/Makefile	COPY	new:sprd
./drivers/unisoc_platform/debug/apb_prot/Kconfig	COPY	new:sprd
./drivers/unisoc_platform/debug/apb_prot/Makefile	COPY	new:sprd
./drivers/unisoc_platform/debug/apb_prot/sprd_apb_prot.c	COPY	new:sprd
./drivers/unisoc_platform/debug/busmonitor/Kconfig	COPY	new:sprd
./drivers/unisoc_platform/debug/busmonitor/Makefile	COPY	new:sprd
./drivers/unisoc_platform/debug/busmonitor/busmonitor.h	COPY	new:sprd
./drivers/unisoc_platform/debug/busmonitor/sprd_apb_busmonitor.c	COPY	new:sprd
./drivers/unisoc_platform/debug/busmonitor/sprd_busmonitor.c	COPY	new:sprd
./drivers/unisoc_platform/debug/cpu_usage/Makefile	COPY	new:sprd
./drivers/unisoc_platform/debug/cpu_usage/sprd_cpu_usage.c	COPY	new:sprd
./drivers/unisoc_platform/debug/djtag/Kconfig	COPY	new:sprd
./drivers/unisoc_platform/debug/djtag/Makefile	COPY	new:sprd
./drivers/unisoc_platform/debug/djtag/djtag.h	COPY	new:sprd
./drivers/unisoc_platform/debug/djtag/djtag_core.c	COPY	new:sprd
./drivers/unisoc_platform/debug/djtag/sprd_djtag.c	COPY	new:sprd
./drivers/unisoc_platform/debug/dmc_mpu/Kconfig	COPY	new:sprd
./drivers/unisoc_platform/debug/dmc_mpu/Makefile	COPY	new:sprd
./drivers/unisoc_platform/debug/dmc_mpu/dmc_mpu.h	COPY	new:sprd
./drivers/unisoc_platform/debug/dmc_mpu/dmc_mpu_core.c	COPY	new:sprd
./drivers/unisoc_platform/debug/dmc_mpu/sprd_dmc_mpu_r3p0.c	COPY	new:sprd
./drivers/unisoc_platform/debug/dmc_mpu/sprd_dmc_mpu_r4p0.c	COPY	new:sprd
./drivers/unisoc_platform/debug/sprd_lookat.c	COPY	new:sprd
./drivers/unisoc_platform/debug/sprd_undef_hook/Kconfig	COPY	new:sprd
./drivers/unisoc_platform/debug/sprd_undef_hook/Makefile	COPY	new:sprd
./drivers/unisoc_platform/debug/sprd_undef_hook/sprd_undef_hook.c	COPY	new:sprd
./drivers/unisoc_platform/debug/userspace_debug/Kconfig	COPY	new:sprd
./drivers/unisoc_platform/debug/userspace_debug/Makefile	COPY	new:sprd
./drivers/unisoc_platform/debug/userspace_debug/screen_onoff_check.c	COPY	new:sprd
./drivers/unisoc_platform/debug_log/Kconfig	COPY	new:sprd
./drivers/unisoc_platform/debug_log/Makefile	COPY	new:sprd
./drivers/unisoc_platform/debug_log/core.c	COPY	new:sprd
./drivers/unisoc_platform/debug_log/core.h	COPY	new:sprd
./drivers/unisoc_platform/debug_log/qogirl6/Makefile	COPY	new:sprd
./drivers/unisoc_platform/debug_log/qogirl6/ums9230_serdes.c	COPY	new:sprd
./drivers/unisoc_platform/debug_log/qogirn6pro/Makefile	COPY	new:sprd
./drivers/unisoc_platform/debug_log/qogirn6pro/ums9620_serdes.c	COPY	new:sprd
./drivers/unisoc_platform/debug_log/serdes.c	COPY	new:sprd
./drivers/unisoc_platform/debug_log/serdes.h	COPY	new:sprd
./drivers/unisoc_platform/debug_log/sharkl3/Makefile	COPY	new:sprd
./drivers/unisoc_platform/debug_log/sharkl3/phy.h	COPY	new:sprd
./drivers/unisoc_platform/debug_log/sharkl3/sc9863a_phy.c	COPY	new:sprd
./drivers/unisoc_platform/debug_log/sharkl3/sc9863a_serdes.c	COPY	new:sprd
./drivers/unisoc_platform/debug_log/sharkl5pro/Makefile	COPY	new:sprd
./drivers/unisoc_platform/debug_log/sharkl5pro/ums512_mipiserdes.c	COPY	new:sprd
./drivers/unisoc_platform/debug_log/sysfs.c	COPY	new:sprd
./drivers/unisoc_platform/dmabufheap/Kconfig	COPY	new:sprd
./drivers/unisoc_platform/dmabufheap/Makefile	COPY	new:sprd
./drivers/unisoc_platform/dmabufheap/sprd_dmabuf.c	COPY	new:sprd
./drivers/unisoc_platform/hang_debug/Kconfig	COPY	new:sprd
./drivers/unisoc_platform/hang_debug/Makefile	COPY	new:sprd
./drivers/unisoc_platform/hang_debug/aphang.h	COPY	new:sprd
./drivers/unisoc_platform/hang_debug/sprd_wdf.c	COPY	new:sprd
./drivers/unisoc_platform/hang_debug/sprd_wdh.c	COPY	new:sprd
./drivers/unisoc_platform/include/sprd_wcn_glb.h	COPY	new:sprd
./drivers/unisoc_platform/io/Kconfig	COPY	new:sprd
./drivers/unisoc_platform/io/Makefile	COPY	new:sprd
./drivers/unisoc_platform/io/iolimit.c	COPY	new:sprd
./drivers/unisoc_platform/io/trace.h	COPY	new:sprd
./drivers/unisoc_platform/iommu/Kconfig	COPY	new:sprd
./drivers/unisoc_platform/iommu/Makefile	COPY	new:sprd
./drivers/unisoc_platform/iommu/drv/api/sprd_iommu_api.c	COPY	new:sprd
./drivers/unisoc_platform/iommu/drv/api/sprd_iommu_api.h	COPY	new:sprd
./drivers/unisoc_platform/iommu/drv/cll/sprd_iommuex_cll.c	COPY	new:sprd
./drivers/unisoc_platform/iommu/drv/cll/sprd_iommuex_cll.h	COPY	new:sprd
./drivers/unisoc_platform/iommu/drv/cll/sprd_iommuvau_cll.c	COPY	new:sprd
./drivers/unisoc_platform/iommu/drv/cll/sprd_iommuvau_cll.h	COPY	new:sprd
./drivers/unisoc_platform/iommu/drv/com/sprd_com.c	COPY	new:sprd
./drivers/unisoc_platform/iommu/drv/com/sprd_com.h	COPY	new:sprd
./drivers/unisoc_platform/iommu/drv/hal/sprd_iommuex_hal_register.c	COPY	new:sprd
./drivers/unisoc_platform/iommu/drv/hal/sprd_iommuex_hal_register.h	COPY	new:sprd
./drivers/unisoc_platform/iommu/drv/hal/sprd_iommuvau_hal_register.c	COPY	new:sprd
./drivers/unisoc_platform/iommu/drv/hal/sprd_iommuvau_hal_register.h	COPY	new:sprd
./drivers/unisoc_platform/iommu/drv/inc/sprd_defs.h	COPY	new:sprd
./drivers/unisoc_platform/iommu/drv/osal/sprd_osal.c	COPY	new:sprd
./drivers/unisoc_platform/iommu/drv/osal/sprd_osal.h	COPY	new:sprd
./drivers/unisoc_platform/iommu/drv/sprd_iommuex_ops.c	COPY	new:sprd
./drivers/unisoc_platform/iommu/drv/sprd_iommuvau_ops.c	COPY	new:sprd
./drivers/unisoc_platform/iommu/sprd_iommu.c	COPY	new:sprd
./drivers/unisoc_platform/iommu/sprd_iommu_sysfs.c	COPY	new:sprd
./drivers/unisoc_platform/iommu/sprd_iommu_sysfs.h	COPY	new:sprd
./drivers/unisoc_platform/irq_monitor/Kconfig	COPY	new:sprd
./drivers/unisoc_platform/irq_monitor/Makefile	COPY	new:sprd
./drivers/unisoc_platform/irq_monitor/irq_consumption_monitor.c	COPY	new:sprd
./drivers/unisoc_platform/irq_monitor/irq_consumption_monitor.h	COPY	new:sprd
./drivers/unisoc_platform/irq_monitor/irq_monitor.c	COPY	new:sprd
./drivers/unisoc_platform/kts_sync/Kconfig	COPY	new:sprd
./drivers/unisoc_platform/kts_sync/Makefile	COPY	new:sprd
./drivers/unisoc_platform/kts_sync/kts_sync.c	COPY	new:sprd
./drivers/unisoc_platform/mm/Kconfig	COPY	new:sprd
./drivers/unisoc_platform/mm/Makefile	COPY	new:sprd
./drivers/unisoc_platform/mm/cma/Kconfig	COPY	new:sprd
./drivers/unisoc_platform/mm/cma/Makefile	COPY	new:sprd
./drivers/unisoc_platform/mm/cma/unisoc_mm_cma.c	COPY	new:sprd
./drivers/unisoc_platform/mm/emem/Kconfig	COPY	new:sprd
./drivers/unisoc_platform/mm/emem/Makefile	COPY	new:sprd
./drivers/unisoc_platform/mm/emem/emem.c	COPY	new:sprd
./drivers/unisoc_platform/mm/emem/show_mem_notifier.c	COPY	new:sprd
./drivers/unisoc_platform/mm/reclaim/Kconfig	COPY	new:sprd
./drivers/unisoc_platform/mm/reclaim/Makefile	COPY	new:sprd
./drivers/unisoc_platform/mm/reclaim/direct_swappiness.c	COPY	new:sprd
./drivers/unisoc_platform/mm/reclaim/kshrink_lruvecd.c	COPY	new:sprd
./drivers/unisoc_platform/mm/reclaim/kshrink_slabd.c	COPY	new:sprd
./drivers/unisoc_platform/mm/reclaim/reclaim.c	COPY	new:sprd
./drivers/unisoc_platform/mm/reclaim/reclaim.h	COPY	new:sprd
./drivers/unisoc_platform/modem/Kconfig	COPY	new:sprd
./drivers/unisoc_platform/modem/Makefile	COPY	new:sprd
./drivers/unisoc_platform/modem/cp_dump/Kconfig	COPY	new:sprd
./drivers/unisoc_platform/modem/cp_dump/Makefile	COPY	new:sprd
./drivers/unisoc_platform/modem/cp_dump/sprd_cp_dump.c	COPY	new:sprd
./drivers/unisoc_platform/modem/cp_dump/sprd_cp_dump.h	COPY	new:sprd
./drivers/unisoc_platform/modem/iq/Kconfig	COPY	new:sprd
./drivers/unisoc_platform/modem/iq/Makefile	COPY	new:sprd
./drivers/unisoc_platform/modem/iq/sprd_iq.c	COPY	new:sprd
./drivers/unisoc_platform/modem/iq/sprd_iq.h	COPY	new:sprd
./drivers/unisoc_platform/modem/mailbox/Kconfig	COPY	new:sprd
./drivers/unisoc_platform/modem/mailbox/Makefile	COPY	new:sprd
./drivers/unisoc_platform/modem/mailbox/doc/unisoc-mailbox.yaml	COPY	new:sprd
./drivers/unisoc_platform/modem/mailbox/unisoc-mailbox-hal.c	COPY	new:sprd
./drivers/unisoc_platform/modem/mailbox/unisoc-mailbox-phy-r1.c	COPY	new:sprd
./drivers/unisoc_platform/modem/mailbox/unisoc-mailbox-phy-r2.c	COPY	new:sprd
./drivers/unisoc_platform/modem/mailbox/unisoc-mailbox.h	COPY	new:sprd
./drivers/unisoc_platform/modem/modem_loader/Kconfig	COPY	new:sprd
./drivers/unisoc_platform/modem/modem_loader/Makefile	COPY	new:sprd
./drivers/unisoc_platform/modem/modem_loader/sprd_modem_loader.c	COPY	new:sprd
./drivers/unisoc_platform/modem/modem_loader/sprd_modem_loader.h	COPY	new:sprd
./drivers/unisoc_platform/modem/pcie/Kconfig	COPY	new:sprd
./drivers/unisoc_platform/modem/pcie/Makefile	COPY	new:sprd
./drivers/unisoc_platform/modem/pcie/pcie_client_resource.c	COPY	new:sprd
./drivers/unisoc_platform/modem/pcie/pcie_host_resource.c	COPY	new:sprd
./drivers/unisoc_platform/modem/pcie/pcie_sipa_res.c	COPY	new:sprd
./drivers/unisoc_platform/modem/pcie/pcie_sipa_res.h	COPY	new:sprd
./drivers/unisoc_platform/modem/pcie/sprd_pcie_ep_device.c	COPY	new:sprd
./drivers/unisoc_platform/modem/pcie/sprd_pcie_resource.h	COPY	new:sprd
./drivers/unisoc_platform/modem/power_manager/Kconfig	COPY	new:sprd
./drivers/unisoc_platform/modem/power_manager/Makefile	COPY	new:sprd
./drivers/unisoc_platform/modem/power_manager/sprd_mpm.h	COPY	new:sprd
./drivers/unisoc_platform/modem/power_manager/sprd_power_manager.c	COPY	new:sprd
./drivers/unisoc_platform/modem/sipc/Kconfig	COPY	new:sprd
./drivers/unisoc_platform/modem/sipc/Makefile	COPY	new:sprd
./drivers/unisoc_platform/modem/sipc/sblock.c	COPY	new:sprd
./drivers/unisoc_platform/modem/sipc/sblock.h	COPY	new:sprd
./drivers/unisoc_platform/modem/sipc/sblock_bridge.c	COPY	new:sprd
./drivers/unisoc_platform/modem/sipc/sbuf.c	COPY	new:sprd
./drivers/unisoc_platform/modem/sipc/sbuf.h	COPY	new:sprd
./drivers/unisoc_platform/modem/sipc/sbuf_bridge.c	COPY	new:sprd
./drivers/unisoc_platform/modem/sipc/sipc.c	COPY	new:sprd
./drivers/unisoc_platform/modem/sipc/sipc_priv.h	COPY	new:sprd
./drivers/unisoc_platform/modem/sipc/sipx.c	COPY	new:sprd
./drivers/unisoc_platform/modem/sipc/sipx.h	COPY	new:sprd
./drivers/unisoc_platform/modem/sipc/slog_bridge.c	COPY	new:sprd
./drivers/unisoc_platform/modem/sipc/smem.c	COPY	new:sprd
./drivers/unisoc_platform/modem/sipc/smsg.c	COPY	new:sprd
./drivers/unisoc_platform/modem/sipc/spipe.c	COPY	new:sprd
./drivers/unisoc_platform/modem/sipc/spipe.h	COPY	new:sprd
./drivers/unisoc_platform/modem/sipc/spool.c	COPY	new:sprd
./drivers/unisoc_platform/modem/sipc/spool.h	COPY	new:sprd
./drivers/unisoc_platform/modem/sipc/sprd_actions_queue.c	COPY	new:sprd
./drivers/unisoc_platform/modem/sipc/sprd_actions_queue.h	COPY	new:sprd
./drivers/unisoc_platform/modem/sipc_virt_bus/Kconfig	COPY	new:sprd
./drivers/unisoc_platform/modem/sipc_virt_bus/Makefile	COPY	new:sprd
./drivers/unisoc_platform/modem/sipc_virt_bus/sprd-sipc-virt-bus.c	COPY	new:sprd
./drivers/unisoc_platform/net/Kconfig	COPY	new:sprd
./drivers/unisoc_platform/net/Makefile	COPY	new:sprd
./drivers/unisoc_platform/net/ims_bridge/Kconfig	COPY	new:sprd
./drivers/unisoc_platform/net/ims_bridge/Makefile	COPY	new:sprd
./drivers/unisoc_platform/net/ims_bridge/imsbr_core.c	COPY	new:sprd
./drivers/unisoc_platform/net/ims_bridge/imsbr_core.h	COPY	new:sprd
./drivers/unisoc_platform/net/ims_bridge/imsbr_hooks.c	COPY	new:sprd
./drivers/unisoc_platform/net/ims_bridge/imsbr_hooks.h	COPY	new:sprd
./drivers/unisoc_platform/net/ims_bridge/imsbr_main.c	COPY	new:sprd
./drivers/unisoc_platform/net/ims_bridge/imsbr_netlink.c	COPY	new:sprd
./drivers/unisoc_platform/net/ims_bridge/imsbr_netlink.h	COPY	new:sprd
./drivers/unisoc_platform/net/ims_bridge/imsbr_packet.c	COPY	new:sprd
./drivers/unisoc_platform/net/ims_bridge/imsbr_packet.h	COPY	new:sprd
./drivers/unisoc_platform/net/ims_bridge/imsbr_sipc.c	COPY	new:sprd
./drivers/unisoc_platform/net/ims_bridge/imsbr_sipc.h	COPY	new:sprd
./drivers/unisoc_platform/net/ims_bridge/imsbr_test.c	COPY	new:sprd
./drivers/unisoc_platform/net/ims_bridge/imsbr_test.h	COPY	new:sprd
./drivers/unisoc_platform/net/ims_bridge/imsbr_transit.c	COPY	new:sprd
./drivers/unisoc_platform/net/ims_bridge/imsbr_transit.h	COPY	new:sprd
./drivers/unisoc_platform/net/seth/Kconfig	COPY	new:sprd
./drivers/unisoc_platform/net/seth/Makefile	COPY	new:sprd
./drivers/unisoc_platform/net/seth/seth.c	COPY	new:sprd
./drivers/unisoc_platform/net/sipa_delegate/Kconfig	COPY	new:sprd
./drivers/unisoc_platform/net/sipa_delegate/Makefile	COPY	new:sprd
./drivers/unisoc_platform/net/sipa_delegate/sipa_dele_cmn.c	COPY	new:sprd
./drivers/unisoc_platform/net/sipa_delegate/sipa_dele_cp_in_ap.c	COPY	new:sprd
./drivers/unisoc_platform/net/sipa_delegate/sipa_dele_priv.h	COPY	new:sprd
./drivers/unisoc_platform/net/sipa_delegate/sipa_delegate.c	COPY	new:sprd
./drivers/unisoc_platform/net/sipa_delegate/sipa_delegate.h	COPY	new:sprd
./drivers/unisoc_platform/net/sipa_sys/Kconfig	COPY	new:sprd
./drivers/unisoc_platform/net/sipa_sys/Makefile	COPY	new:sprd
./drivers/unisoc_platform/net/sipa_sys/sipa_sys_pd.c	COPY	new:sprd
./drivers/unisoc_platform/net/sipa_sys/sipa_sys_pd.h	COPY	new:sprd
./drivers/unisoc_platform/net/sipa_sys/sipa_sys_phy/Makefile	COPY	new:sprd
./drivers/unisoc_platform/net/sipa_sys/sipa_sys_phy/sipa_sys_phy_v1.c	COPY	new:sprd
./drivers/unisoc_platform/net/sipa_sys/sipa_sys_phy/sipa_sys_phy_v1.h	COPY	new:sprd
./drivers/unisoc_platform/net/sipa_sys/sipa_sys_phy/sipa_sys_phy_v3.c	COPY	new:sprd
./drivers/unisoc_platform/net/sipa_sys/sipa_sys_phy/sipa_sys_phy_v3.h	COPY	new:sprd
./drivers/unisoc_platform/net/sipa_v3/Kconfig	COPY	new:sprd
./drivers/unisoc_platform/net/sipa_v3/Makefile	COPY	new:sprd
./drivers/unisoc_platform/net/sipa_v3/sipa_core.c	COPY	new:sprd
./drivers/unisoc_platform/net/sipa_v3/sipa_debug.h	COPY	new:sprd
./drivers/unisoc_platform/net/sipa_v3/sipa_debugfs.c	COPY	new:sprd
./drivers/unisoc_platform/net/sipa_v3/sipa_dummy.c	COPY	new:sprd
./drivers/unisoc_platform/net/sipa_v3/sipa_dummy.h	COPY	new:sprd
./drivers/unisoc_platform/net/sipa_v3/sipa_eth.c	COPY	new:sprd
./drivers/unisoc_platform/net/sipa_v3/sipa_eth.h	COPY	new:sprd
./drivers/unisoc_platform/net/sipa_v3/sipa_hal.c	COPY	new:sprd
./drivers/unisoc_platform/net/sipa_v3/sipa_hal.h	COPY	new:sprd
./drivers/unisoc_platform/net/sipa_v3/sipa_nic.c	COPY	new:sprd
./drivers/unisoc_platform/net/sipa_v3/sipa_phy_r3p0/Makefile	COPY	new:sprd
./drivers/unisoc_platform/net/sipa_v3/sipa_phy_r3p0/sipa_cmn_fifo_phy.c	COPY	new:sprd
./drivers/unisoc_platform/net/sipa_v3/sipa_phy_r3p0/sipa_glb_phy.c	COPY	new:sprd
./drivers/unisoc_platform/net/sipa_v3/sipa_priv.h	COPY	new:sprd
./drivers/unisoc_platform/net/sipa_v3/sipa_rm.c	COPY	new:sprd
./drivers/unisoc_platform/net/sipa_v3/sipa_rm.h	COPY	new:sprd
./drivers/unisoc_platform/net/sipa_v3/sipa_rm_dep_graph.c	COPY	new:sprd
./drivers/unisoc_platform/net/sipa_v3/sipa_rm_dep_graph.h	COPY	new:sprd
./drivers/unisoc_platform/net/sipa_v3/sipa_rm_peers_list.c	COPY	new:sprd
./drivers/unisoc_platform/net/sipa_v3/sipa_rm_peers_list.h	COPY	new:sprd
./drivers/unisoc_platform/net/sipa_v3/sipa_rm_res.c	COPY	new:sprd
./drivers/unisoc_platform/net/sipa_v3/sipa_rm_res.h	COPY	new:sprd
./drivers/unisoc_platform/net/sipa_v3/sipa_skb_recv.c	COPY	new:sprd
./drivers/unisoc_platform/net/sipa_v3/sipa_skb_send.c	COPY	new:sprd
./drivers/unisoc_platform/net/sipa_v3/sipa_test.c	COPY	new:sprd
./drivers/unisoc_platform/net/sipa_v3/sipa_test.h	COPY	new:sprd
./drivers/unisoc_platform/net/sipa_v3/sipa_usb.c	COPY	new:sprd
./drivers/unisoc_platform/net/sipa_v3/sipa_usb_cons.c	COPY	new:sprd
./drivers/unisoc_platform/net/ursp/Kconfig	COPY	new:sprd
./drivers/unisoc_platform/net/ursp/Makefile	COPY	new:sprd
./drivers/unisoc_platform/net/ursp/ursp.h	COPY	new:sprd
./drivers/unisoc_platform/net/ursp/ursp_fwd.c	COPY	new:sprd
./drivers/unisoc_platform/net/ursp/ursp_hash.h	COPY	new:sprd
./drivers/unisoc_platform/net/ursp/ursp_hook.c	COPY	new:sprd
./drivers/unisoc_platform/net/ursp/ursp_mgr.c	COPY	new:sprd
./drivers/unisoc_platform/net/ursp/ursp_netlink.c	COPY	new:sprd
./drivers/unisoc_platform/net/ursp/ursp_netlink.h	COPY	new:sprd
./drivers/unisoc_platform/net/ursp/ursp_proc.c	COPY	new:sprd
./drivers/unisoc_platform/past_record/Kconfig	COPY	new:sprd
./drivers/unisoc_platform/past_record/Makefile	COPY	new:sprd
./drivers/unisoc_platform/past_record/sprd_past_record.c	COPY	new:sprd
./drivers/unisoc_platform/past_record/sprd_past_record.h	COPY	new:sprd
./drivers/unisoc_platform/performance/Kconfig	COPY	new:sprd
./drivers/unisoc_platform/performance/Makefile	COPY	new:sprd
./drivers/unisoc_platform/performance/sprd_ptm.c	COPY	new:sprd
./drivers/unisoc_platform/performance/sprd_ptm.h	COPY	new:sprd
./drivers/unisoc_platform/performance/sprd_ptm_trace.h	COPY	new:sprd
./drivers/unisoc_platform/power/Kconfig	COPY	new:sprd
./drivers/unisoc_platform/power/Makefile	COPY	new:sprd
./drivers/unisoc_platform/power/power_debug/Kconfig	COPY	new:sprd
./drivers/unisoc_platform/power/power_debug/Makefile	COPY	new:sprd
./drivers/unisoc_platform/power/power_debug/sprd_pdbg_comm.h	COPY	new:sprd
./drivers/unisoc_platform/power/power_debug/sprd_pdbg_drv.c	COPY	new:sprd
./drivers/unisoc_platform/power/power_debug/sprd_pdbg_misc.c	COPY	new:sprd
./drivers/unisoc_platform/power/power_debug/sprd_pdbg_misc.h	COPY	new:sprd
./drivers/unisoc_platform/power/power_debug/sprd_regs_info.c	COPY	new:sprd
./drivers/unisoc_platform/power/power_debug/sprd_regs_info.h	COPY	new:sprd
./drivers/unisoc_platform/power/power_debug/sprd_slp_info.c	COPY	new:sprd
./drivers/unisoc_platform/power/power_debug/sprd_slp_info.h	COPY	new:sprd
./drivers/unisoc_platform/power/power_debug/sprd_wakeup_info.c	COPY	new:sprd
./drivers/unisoc_platform/power/power_debug/sprd_wakeup_info.h	COPY	new:sprd
./drivers/unisoc_platform/power/suspend_helper/Makefile	COPY	new:sprd
./drivers/unisoc_platform/power/suspend_helper/sprd_suspend_helper.c	COPY	new:sprd
./drivers/unisoc_platform/preemptirq_warn/Kconfig	COPY	new:sprd
./drivers/unisoc_platform/preemptirq_warn/Makefile	COPY	new:sprd
./drivers/unisoc_platform/preemptirq_warn/irqsoff_warn.c	COPY	new:sprd
./drivers/unisoc_platform/preemptirq_warn/preemptirq_timing.h	COPY	new:sprd
./drivers/unisoc_platform/preemptirq_warn/preemptoff_warn.c	COPY	new:sprd
./drivers/unisoc_platform/printk_cpuid/Kconfig	COPY	new:sprd
./drivers/unisoc_platform/printk_cpuid/Makefile	COPY	new:sprd
./drivers/unisoc_platform/printk_cpuid/printk_cpuid.c	COPY	new:sprd
./drivers/unisoc_platform/pub/Kconfig	COPY	new:sprd
./drivers/unisoc_platform/pub/Makefile	COPY	new:sprd
./drivers/unisoc_platform/pub/dmc_drv.c	COPY	new:sprd
./drivers/unisoc_platform/sched/Kconfig	COPY	new:sprd
./drivers/unisoc_platform/sched/Makefile	COPY	new:sprd
./drivers/unisoc_platform/sched/core.c	COPY	new:sprd
./drivers/unisoc_platform/sched/core_ctl.c	COPY	new:sprd
./drivers/unisoc_platform/sched/core_pause.c	COPY	new:sprd
./drivers/unisoc_platform/sched/cpu_netlink.c	COPY	new:sprd
./drivers/unisoc_platform/sched/cpu_netlink.h	COPY	new:sprd
./drivers/unisoc_platform/sched/cpuload.c	COPY	new:sprd
./drivers/unisoc_platform/sched/fair.c	COPY	new:sprd
./drivers/unisoc_platform/sched/group_ctl.c	COPY	new:sprd
./drivers/unisoc_platform/sched/hung_task_enh.c	COPY	new:sprd
./drivers/unisoc_platform/sched/input_boost.c	COPY	new:sprd
./drivers/unisoc_platform/sched/rt.c	COPY	new:sprd
./drivers/unisoc_platform/sched/sysctl.c	COPY	new:sprd
./drivers/unisoc_platform/sched/trace.h	COPY	new:sprd
./drivers/unisoc_platform/sched/uni_sched.h	COPY	new:sprd
./drivers/unisoc_platform/sched/unisoc_schedutil.c	COPY	new:sprd
./drivers/unisoc_platform/sched/walt.c	COPY	new:sprd
./drivers/unisoc_platform/sched/walt_freq.c	COPY	new:sprd
./drivers/unisoc_platform/sfp/Kconfig	COPY	new:sprd
./drivers/unisoc_platform/sfp/Makefile	COPY	new:sprd
./drivers/unisoc_platform/sfp/sfp.h	COPY	new:sprd
./drivers/unisoc_platform/sfp/sfp_conntrack.h	COPY	new:sprd
./drivers/unisoc_platform/sfp/sfp_ct.c	COPY	new:sprd
./drivers/unisoc_platform/sfp/sfp_fwd.c	COPY	new:sprd
./drivers/unisoc_platform/sfp/sfp_hash.h	COPY	new:sprd
./drivers/unisoc_platform/sfp/sfp_hook.c	COPY	new:sprd
./drivers/unisoc_platform/sfp/sfp_intf.c	COPY	new:sprd
./drivers/unisoc_platform/sfp/sfp_ipa.c	COPY	new:sprd
./drivers/unisoc_platform/sfp/sfp_ipa.h	COPY	new:sprd
./drivers/unisoc_platform/sfp/sfp_mgr.c	COPY	new:sprd
./drivers/unisoc_platform/sfp/sfp_netlink.c	COPY	new:sprd
./drivers/unisoc_platform/sfp/sfp_proc.c	COPY	new:sprd
./drivers/unisoc_platform/sfp/sfp_test.c	COPY	new:sprd
./drivers/unisoc_platform/sfp/sfp_tuple.c	COPY	new:sprd
./drivers/unisoc_platform/sfp/sysctl_net_sfp.c	COPY	new:sprd
./drivers/unisoc_platform/shutdown_detect/Kconfig	COPY	new:sprd
./drivers/unisoc_platform/shutdown_detect/Makefile	COPY	new:sprd
./drivers/unisoc_platform/shutdown_detect/shutdown_detect.c	COPY	new:sprd
./drivers/unisoc_platform/sla/Kconfig	COPY	new:sprd
./drivers/unisoc_platform/sla/Makefile	COPY	new:sprd
./drivers/unisoc_platform/sla/sla.h	COPY	new:sprd
./drivers/unisoc_platform/sla/sla_hook.c	COPY	new:sprd
./drivers/unisoc_platform/sla/sla_info.c	COPY	new:sprd
./drivers/unisoc_platform/sla/sla_mgr.c	COPY	new:sprd
./drivers/unisoc_platform/sla/sla_net_stats.c	COPY	new:sprd
./drivers/unisoc_platform/sla/sla_net_stats_netlink.c	COPY	new:sprd
./drivers/unisoc_platform/sla/sla_net_stats_netlink.h	COPY	new:sprd
./drivers/unisoc_platform/sprd_7sreset.c	COPY	new:sprd
./drivers/unisoc_platform/sprd_cache_print/Kconfig	COPY	new:sprd
./drivers/unisoc_platform/sprd_cache_print/Makefile	COPY	new:sprd
./drivers/unisoc_platform/sprd_cache_print/sprd_cache_print.c	COPY	new:sprd
./drivers/unisoc_platform/sprd_coresight/Kconfig	COPY	new:sprd
./drivers/unisoc_platform/sprd_coresight/Makefile	COPY	new:sprd
./drivers/unisoc_platform/sprd_coresight/phy/Kconfig	COPY	new:sprd
./drivers/unisoc_platform/sprd_coresight/phy/Makefile	COPY	new:sprd
./drivers/unisoc_platform/sprd_coresight/phy/phy-sprd-sharkl6pro.c	COPY	new:sprd
./drivers/unisoc_platform/sprd_coresight/sprd_coresight-apetb-ctrl.c	COPY	new:sprd
./drivers/unisoc_platform/sprd_coresight/sprd_coresight-apetb-ctrl.h	COPY	new:sprd
./drivers/unisoc_platform/sprd_coresight/sprd_coresight-apetb-main.c	COPY	new:sprd
./drivers/unisoc_platform/sprd_coresight/sprd_coresight-cfg-afdo.c	COPY	new:sprd
./drivers/unisoc_platform/sprd_coresight/sprd_coresight-cfg-preload.c	COPY	new:sprd
./drivers/unisoc_platform/sprd_coresight/sprd_coresight-cfg-preload.h	COPY	new:sprd
./drivers/unisoc_platform/sprd_coresight/sprd_coresight-config.c	COPY	new:sprd
./drivers/unisoc_platform/sprd_coresight/sprd_coresight-config.h	COPY	new:sprd
./drivers/unisoc_platform/sprd_coresight/sprd_coresight-core.c	COPY	new:sprd
./drivers/unisoc_platform/sprd_coresight/sprd_coresight-etm-perf.c	COPY	new:sprd
./drivers/unisoc_platform/sprd_coresight/sprd_coresight-etm-perf.h	COPY	new:sprd
./drivers/unisoc_platform/sprd_coresight/sprd_coresight-etm.h	COPY	new:sprd
./drivers/unisoc_platform/sprd_coresight/sprd_coresight-etm4x-cfg.c	COPY	new:sprd
./drivers/unisoc_platform/sprd_coresight/sprd_coresight-etm4x-cfg.h	COPY	new:sprd
./drivers/unisoc_platform/sprd_coresight/sprd_coresight-etm4x-core.c	COPY	new:sprd
./drivers/unisoc_platform/sprd_coresight/sprd_coresight-etm4x-sysfs.c	COPY	new:sprd
./drivers/unisoc_platform/sprd_coresight/sprd_coresight-etm4x.h	COPY	new:sprd
./drivers/unisoc_platform/sprd_coresight/sprd_coresight-funnel.c	COPY	new:sprd
./drivers/unisoc_platform/sprd_coresight/sprd_coresight-phy.h	COPY	new:sprd
./drivers/unisoc_platform/sprd_coresight/sprd_coresight-platform.c	COPY	new:sprd
./drivers/unisoc_platform/sprd_coresight/sprd_coresight-priv.h	COPY	new:sprd
./drivers/unisoc_platform/sprd_coresight/sprd_coresight-replicator.c	COPY	new:sprd
./drivers/unisoc_platform/sprd_coresight/sprd_coresight-self-hosted-trace.h	COPY	new:sprd
./drivers/unisoc_platform/sprd_coresight/sprd_coresight-syscfg-configfs.c	COPY	new:sprd
./drivers/unisoc_platform/sprd_coresight/sprd_coresight-syscfg-configfs.h	COPY	new:sprd
./drivers/unisoc_platform/sprd_coresight/sprd_coresight-syscfg.c	COPY	new:sprd
./drivers/unisoc_platform/sprd_coresight/sprd_coresight-syscfg.h	COPY	new:sprd
./drivers/unisoc_platform/sprd_coresight/sprd_coresight-sysfs.c	COPY	new:sprd
./drivers/unisoc_platform/sprd_coresight/sprd_coresight-tmc-core.c	COPY	new:sprd
./drivers/unisoc_platform/sprd_coresight/sprd_coresight-tmc-etf.c	COPY	new:sprd
./drivers/unisoc_platform/sprd_coresight/sprd_coresight-tmc.h	COPY	new:sprd
./drivers/unisoc_platform/sprd_coresight/sprd_coresight-tmc_group.c	COPY	new:sprd
./drivers/unisoc_platform/sprd_coresight/sprd_coresight.h	COPY	new:sprd
./drivers/unisoc_platform/sprd_disp/Kconfig	COPY	new:sprd
./drivers/unisoc_platform/sprd_disp/Makefile	COPY	new:sprd
./drivers/unisoc_platform/sprd_disp/disp_lib.c	COPY	new:sprd
./drivers/unisoc_platform/sprd_disp/disp_lib.h	COPY	new:sprd
./drivers/unisoc_platform/sprd_disp/disp_trusty.c	COPY	new:sprd
./drivers/unisoc_platform/sprd_disp/disp_trusty.h	COPY	new:sprd
./drivers/unisoc_platform/sprd_disp/dphy/pll/megacores_sharkl5.c	COPY	new:sprd
./drivers/unisoc_platform/sprd_disp/dphy/pll/megacores_sharkle.c	COPY	new:sprd
./drivers/unisoc_platform/sprd_disp/dphy/sprd_dphy_api.c	COPY	new:sprd
./drivers/unisoc_platform/sprd_disp/dphy/sprd_dphy_api.h	COPY	new:sprd
./drivers/unisoc_platform/sprd_disp/dphy/sprd_dphy_hal.h	COPY	new:sprd
./drivers/unisoc_platform/sprd_disp/dpu/dpu_enhance_param.h	COPY	new:sprd
./drivers/unisoc_platform/sprd_disp/dpu/dpu_lite_r1p0.c	COPY	new:sprd
./drivers/unisoc_platform/sprd_disp/dpu/dpu_lite_r2p0.c	COPY	new:sprd
./drivers/unisoc_platform/sprd_disp/dpu/dpu_lite_r3p0.c	COPY	new:sprd
./drivers/unisoc_platform/sprd_disp/dpu/dpu_r2p0.c	COPY	new:sprd
./drivers/unisoc_platform/sprd_disp/dpu/dpu_r4p0.c	COPY	new:sprd
./drivers/unisoc_platform/sprd_disp/dpu/dpu_r4p0_corner_param.h	COPY	new:sprd
./drivers/unisoc_platform/sprd_disp/dpu/dpu_r5p0.c	COPY	new:sprd
./drivers/unisoc_platform/sprd_disp/dpu/dpu_r5p0_corner_param.h	COPY	new:sprd
./drivers/unisoc_platform/sprd_disp/dpu/dpu_r6p0.c	COPY	new:sprd
./drivers/unisoc_platform/sprd_disp/dsi/core/dsi_ctrl_r1p0.c	COPY	new:sprd
./drivers/unisoc_platform/sprd_disp/dsi/core/dsi_ctrl_r1p0.h	COPY	new:sprd
./drivers/unisoc_platform/sprd_disp/dsi/core/dsi_ctrl_r1p0_ppi.c	COPY	new:sprd
./drivers/unisoc_platform/sprd_disp/dsi/sprd_dsi_api.c	COPY	new:sprd
./drivers/unisoc_platform/sprd_disp/dsi/sprd_dsi_api.h	COPY	new:sprd
./drivers/unisoc_platform/sprd_disp/dsi/sprd_dsi_hal.h	COPY	new:sprd
./drivers/unisoc_platform/sprd_disp/dummy/dummy_connector.c	COPY	new:sprd
./drivers/unisoc_platform/sprd_disp/dummy/dummy_crtc.c	COPY	new:sprd
./drivers/unisoc_platform/sprd_disp/gsp/Kconfig	COPY	new:sprd
./drivers/unisoc_platform/sprd_disp/gsp/Makefile	COPY	new:sprd
./drivers/unisoc_platform/sprd_disp/gsp/gsp_coef_cal.c	COPY	new:sprd
./drivers/unisoc_platform/sprd_disp/gsp/gsp_coef_cal.h	COPY	new:sprd
./drivers/unisoc_platform/sprd_disp/gsp/gsp_core.c	COPY	new:sprd
./drivers/unisoc_platform/sprd_disp/gsp/gsp_core.h	COPY	new:sprd
./drivers/unisoc_platform/sprd_disp/gsp/gsp_debug.h	COPY	new:sprd
./drivers/unisoc_platform/sprd_disp/gsp/gsp_dev.c	COPY	new:sprd
./drivers/unisoc_platform/sprd_disp/gsp/gsp_dev.h	COPY	new:sprd
./drivers/unisoc_platform/sprd_disp/gsp/gsp_interface.c	COPY	new:sprd
./drivers/unisoc_platform/sprd_disp/gsp/gsp_interface.h	COPY	new:sprd
./drivers/unisoc_platform/sprd_disp/gsp/gsp_interface/gsp_interface_qogirn6pro.c	COPY	new:sprd
./drivers/unisoc_platform/sprd_disp/gsp/gsp_interface/gsp_interface_qogirn6pro.h	COPY	new:sprd
./drivers/unisoc_platform/sprd_disp/gsp/gsp_interface/gsp_interface_sharkl5pro.c	COPY	new:sprd
./drivers/unisoc_platform/sprd_disp/gsp/gsp_interface/gsp_interface_sharkl5pro.h	COPY	new:sprd
./drivers/unisoc_platform/sprd_disp/gsp/gsp_ipc_trusty.c	COPY	new:sprd
./drivers/unisoc_platform/sprd_disp/gsp/gsp_ipc_trusty.h	COPY	new:sprd
./drivers/unisoc_platform/sprd_disp/gsp/gsp_kcfg.c	COPY	new:sprd
./drivers/unisoc_platform/sprd_disp/gsp/gsp_kcfg.h	COPY	new:sprd
./drivers/unisoc_platform/sprd_disp/gsp/gsp_layer.c	COPY	new:sprd
./drivers/unisoc_platform/sprd_disp/gsp/gsp_layer.h	COPY	new:sprd
./drivers/unisoc_platform/sprd_disp/gsp/gsp_r8p0/gsp_r8p0_core.c	COPY	new:sprd
./drivers/unisoc_platform/sprd_disp/gsp/gsp_r8p0/gsp_r8p0_core.h	COPY	new:sprd
./drivers/unisoc_platform/sprd_disp/gsp/gsp_r8p0/gsp_r8p0_reg.h	COPY	new:sprd
./drivers/unisoc_platform/sprd_disp/gsp/gsp_r9p0/gsp_hdr_param.h	COPY	new:sprd
./drivers/unisoc_platform/sprd_disp/gsp/gsp_r9p0/gsp_r9p0_core.c	COPY	new:sprd
./drivers/unisoc_platform/sprd_disp/gsp/gsp_r9p0/gsp_r9p0_core.h	COPY	new:sprd
./drivers/unisoc_platform/sprd_disp/gsp/gsp_r9p0/gsp_r9p0_reg.h	COPY	new:sprd
./drivers/unisoc_platform/sprd_disp/gsp/gsp_sin_cos.h	COPY	new:sprd
./drivers/unisoc_platform/sprd_disp/gsp/gsp_sync.c	COPY	new:sprd
./drivers/unisoc_platform/sprd_disp/gsp/gsp_sync.h	COPY	new:sprd
./drivers/unisoc_platform/sprd_disp/gsp/gsp_sysfs.c	COPY	new:sprd
./drivers/unisoc_platform/sprd_disp/gsp/gsp_sysfs.h	COPY	new:sprd
./drivers/unisoc_platform/sprd_disp/gsp/gsp_trace.h	COPY	new:sprd
./drivers/unisoc_platform/sprd_disp/gsp/gsp_workqueue.c	COPY	new:sprd
./drivers/unisoc_platform/sprd_disp/gsp/gsp_workqueue.h	COPY	new:sprd
./drivers/unisoc_platform/sprd_disp/pike2/global_dphy.c	COPY	new:sprd
./drivers/unisoc_platform/sprd_disp/pike2/global_dpu.c	COPY	new:sprd
./drivers/unisoc_platform/sprd_disp/pike2/global_dsi.c	COPY	new:sprd
./drivers/unisoc_platform/sprd_disp/qogirl6/global_dphy.c	COPY	new:sprd
./drivers/unisoc_platform/sprd_disp/qogirl6/global_dpu.c	COPY	new:sprd
./drivers/unisoc_platform/sprd_disp/qogirl6/global_dsi.c	COPY	new:sprd
./drivers/unisoc_platform/sprd_disp/qogirn6pro/global_dp.c	COPY	new:sprd
./drivers/unisoc_platform/sprd_disp/qogirn6pro/global_dphy.c	COPY	new:sprd
./drivers/unisoc_platform/sprd_disp/qogirn6pro/global_dpu.c	COPY	new:sprd
./drivers/unisoc_platform/sprd_disp/qogirn6pro/global_dpu1.c	COPY	new:sprd
./drivers/unisoc_platform/sprd_disp/qogirn6pro/global_dsi.c	COPY	new:sprd
./drivers/unisoc_platform/sprd_disp/sharkl3/global_dispc.c	COPY	new:sprd
./drivers/unisoc_platform/sprd_disp/sharkl3/global_dphy.c	COPY	new:sprd
./drivers/unisoc_platform/sprd_disp/sharkl3/global_dsi.c	COPY	new:sprd
./drivers/unisoc_platform/sprd_disp/sharkl5/global_dispc.c	COPY	new:sprd
./drivers/unisoc_platform/sprd_disp/sharkl5/global_dphy.c	COPY	new:sprd
./drivers/unisoc_platform/sprd_disp/sharkl5/global_dsi.c	COPY	new:sprd
./drivers/unisoc_platform/sprd_disp/sharkl5pro/global_dphy.c	COPY	new:sprd
./drivers/unisoc_platform/sprd_disp/sharkl5pro/global_dpu.c	COPY	new:sprd
./drivers/unisoc_platform/sprd_disp/sharkl5pro/global_dsi.c	COPY	new:sprd
./drivers/unisoc_platform/sprd_disp/sharkle/global_dphy.c	COPY	new:sprd
./drivers/unisoc_platform/sprd_disp/sharkle/global_dpu.c	COPY	new:sprd
./drivers/unisoc_platform/sprd_disp/sharkle/global_dsi.c	COPY	new:sprd
./drivers/unisoc_platform/sprd_disp/sprd_bl.c	COPY	new:sprd
./drivers/unisoc_platform/sprd_disp/sprd_bl.h	COPY	new:sprd
./drivers/unisoc_platform/sprd_disp/sprd_corner.c	COPY	new:sprd
./drivers/unisoc_platform/sprd_disp/sprd_corner.h	COPY	new:sprd
./drivers/unisoc_platform/sprd_disp/sprd_crtc.c	COPY	new:sprd
./drivers/unisoc_platform/sprd_disp/sprd_crtc.h	COPY	new:sprd
./drivers/unisoc_platform/sprd_disp/sprd_dphy.c	COPY	new:sprd
./drivers/unisoc_platform/sprd_disp/sprd_dphy.h	COPY	new:sprd
./drivers/unisoc_platform/sprd_disp/sprd_dpu.c	COPY	new:sprd
./drivers/unisoc_platform/sprd_disp/sprd_dpu.h	COPY	new:sprd
./drivers/unisoc_platform/sprd_disp/sprd_drm.c	COPY	new:sprd
./drivers/unisoc_platform/sprd_disp/sprd_drm.h	COPY	new:sprd
./drivers/unisoc_platform/sprd_disp/sprd_drm_gsp.h	COPY	new:sprd
./drivers/unisoc_platform/sprd_disp/sprd_dsi.c	COPY	new:sprd
./drivers/unisoc_platform/sprd_disp/sprd_dsi.h	COPY	new:sprd
./drivers/unisoc_platform/sprd_disp/sprd_dsi_panel.c	COPY	new:sprd
./drivers/unisoc_platform/sprd_disp/sprd_dsi_panel.h	COPY	new:sprd
./drivers/unisoc_platform/sprd_disp/sprd_gem.c	COPY	new:sprd
./drivers/unisoc_platform/sprd_disp/sprd_gem.h	COPY	new:sprd
./drivers/unisoc_platform/sprd_disp/sprd_ioc32.c	COPY	new:sprd
./drivers/unisoc_platform/sprd_disp/sprd_iommu.h	COPY	new:sprd
./drivers/unisoc_platform/sprd_disp/sprd_plane.c	COPY	new:sprd
./drivers/unisoc_platform/sprd_disp/sprd_plane.h	COPY	new:sprd
./drivers/unisoc_platform/sprd_disp/sysfs/sysfs_backlight.c	COPY	new:sprd
./drivers/unisoc_platform/sprd_disp/sysfs/sysfs_class.c	COPY	new:sprd
./drivers/unisoc_platform/sprd_disp/sysfs/sysfs_display.h	COPY	new:sprd
./drivers/unisoc_platform/sprd_disp/sysfs/sysfs_dphy.c	COPY	new:sprd
./drivers/unisoc_platform/sprd_disp/sysfs/sysfs_dpu.c	COPY	new:sprd
./drivers/unisoc_platform/sprd_disp/sysfs/sysfs_dsi.c	COPY	new:sprd
./drivers/unisoc_platform/sprd_disp/sysfs/sysfs_panel.c	COPY	new:sprd
./drivers/unisoc_platform/sprd_gnss/Kconfig	COPY	new:sprd
./drivers/unisoc_platform/sprd_gnss/Makefile	COPY	new:sprd
./drivers/unisoc_platform/sprd_gnss/gnss_common_ctl/Kconfig	COPY	new:sprd
./drivers/unisoc_platform/sprd_gnss/gnss_common_ctl/Makefile	COPY	new:sprd
./drivers/unisoc_platform/sprd_gnss/gnss_common_ctl/gnss_common.h	COPY	new:sprd
./drivers/unisoc_platform/sprd_gnss/gnss_common_ctl/gnss_common_ctl.c	COPY	new:sprd
./drivers/unisoc_platform/sprd_gnss/gnss_common_ctl/wcn_gnss_glb.h	COPY	new:sprd
./drivers/unisoc_platform/sprd_gnss/gnss_dbg/Kconfig	COPY	new:sprd
./drivers/unisoc_platform/sprd_gnss/gnss_dbg/Makefile	COPY	new:sprd
./drivers/unisoc_platform/sprd_gnss/gnss_dbg/gnss_dbg.c	COPY	new:sprd
./drivers/unisoc_platform/sprd_gnss/gnss_pmnotify_ctl/Kconfig	COPY	new:sprd
./drivers/unisoc_platform/sprd_gnss/gnss_pmnotify_ctl/Makefile	COPY	new:sprd
./drivers/unisoc_platform/sprd_gnss/gnss_pmnotify_ctl/gnss_pmnotify_ctl.c	COPY	new:sprd
./drivers/unisoc_platform/sprd_manufacturer_module.c	COPY	new:sprd
./drivers/unisoc_platform/sprd_map/Kconfig	COPY	new:sprd
./drivers/unisoc_platform/sprd_map/Makefile	COPY	new:sprd
./drivers/unisoc_platform/sprd_map/sprd_map.c	COPY	new:sprd
./drivers/unisoc_platform/sprd_memdisk.c	COPY	new:sprd
./drivers/unisoc_platform/sprd_pmic_smpl.c	COPY	new:sprd
./drivers/unisoc_platform/sprd_pmic_syscon.c	COPY	new:sprd
./drivers/unisoc_platform/sprd_time_sync/Kconfig	COPY	new:sprd
./drivers/unisoc_platform/sprd_time_sync/Makefile	COPY	new:sprd
./drivers/unisoc_platform/sprd_time_sync/sprd_systimer.c	COPY	new:sprd
./drivers/unisoc_platform/sprd_time_sync/sprd_time_sync.c	COPY	new:sprd
./drivers/unisoc_platform/sprd_time_sync/sprd_time_sync_ch.c	COPY	new:sprd
./drivers/unisoc_platform/sprd_time_sync/sprd_time_sync_cp.c	COPY	new:sprd
./drivers/unisoc_platform/sprdwcn/Kconfig	COPY	new:sprd
./drivers/unisoc_platform/sprdwcn/Makefile	COPY	new:sprd
./drivers/unisoc_platform/sprdwcn/boot/Makefile	COPY	new:sprd
./drivers/unisoc_platform/sprdwcn/boot/gnss_firmware_bin.h	COPY	new:sprd
./drivers/unisoc_platform/sprdwcn/boot/marlin_firmware_bin.h	COPY	new:sprd
./drivers/unisoc_platform/sprdwcn/boot/wcn_debug_bus.c	COPY	new:sprd
./drivers/unisoc_platform/sprdwcn/boot/wcn_debug_bus.h	COPY	new:sprd
./drivers/unisoc_platform/sprdwcn/boot/wcn_integrate.c	COPY	new:sprd
./drivers/unisoc_platform/sprdwcn/boot/wcn_integrate.h	COPY	new:sprd
./drivers/unisoc_platform/sprdwcn/boot/wcn_integrate_boot.c	COPY	new:sprd
./drivers/unisoc_platform/sprdwcn/boot/wcn_integrate_boot.h	COPY	new:sprd
./drivers/unisoc_platform/sprdwcn/boot/wcn_integrate_dev.c	COPY	new:sprd
./drivers/unisoc_platform/sprdwcn/boot/wcn_integrate_dev.h	COPY	new:sprd
./drivers/unisoc_platform/sprdwcn/include/bus_common.h	COPY	new:sprd
./drivers/unisoc_platform/sprdwcn/include/marlin3_base_glb.h	COPY	new:sprd
./drivers/unisoc_platform/sprdwcn/include/sc2342_glb.h	COPY	new:sprd
./drivers/unisoc_platform/sprdwcn/include/sc2355_glb.h	COPY	new:sprd
./drivers/unisoc_platform/sprdwcn/include/sprd_wcn.h	COPY	new:sprd
./drivers/unisoc_platform/sprdwcn/include/umw2631_integrate_glb.h	COPY	new:sprd
./drivers/unisoc_platform/sprdwcn/include/umw2652_glb.h	COPY	new:sprd
./drivers/unisoc_platform/sprdwcn/include/umw2653_glb.h	COPY	new:sprd
./drivers/unisoc_platform/sprdwcn/include/wcn_dbg.h	COPY	new:sprd
./drivers/unisoc_platform/sprdwcn/include/wcn_glb.h	COPY	new:sprd
./drivers/unisoc_platform/sprdwcn/include/wcn_glb_reg.h	COPY	new:sprd
./drivers/unisoc_platform/sprdwcn/include/wcn_integrate_base_glb.h	COPY	new:sprd
./drivers/unisoc_platform/sprdwcn/include/wcn_types.h	COPY	new:sprd
./drivers/unisoc_platform/sprdwcn/pcie/Kconfig	COPY	new:sprd
./drivers/unisoc_platform/sprdwcn/pcie/edma_engine.c	COPY	new:sprd
./drivers/unisoc_platform/sprdwcn/pcie/edma_engine.h	COPY	new:sprd
./drivers/unisoc_platform/sprdwcn/pcie/edma_util.c	COPY	new:sprd
./drivers/unisoc_platform/sprdwcn/pcie/ioctl.c	COPY	new:sprd
./drivers/unisoc_platform/sprdwcn/pcie/ioctl.h	COPY	new:sprd
./drivers/unisoc_platform/sprdwcn/pcie/mchn.c	COPY	new:sprd
./drivers/unisoc_platform/sprdwcn/pcie/mchn.h	COPY	new:sprd
./drivers/unisoc_platform/sprdwcn/pcie/pcie.c	COPY	new:sprd
./drivers/unisoc_platform/sprdwcn/pcie/pcie.h	COPY	new:sprd
./drivers/unisoc_platform/sprdwcn/pcie/pcie_attach_bus.c	COPY	new:sprd
./drivers/unisoc_platform/sprdwcn/pcie/pcie_dbg.c	COPY	new:sprd
./drivers/unisoc_platform/sprdwcn/pcie/pcie_dbg.h	COPY	new:sprd
./drivers/unisoc_platform/sprdwcn/pcie/pcie_pm.c	COPY	new:sprd
./drivers/unisoc_platform/sprdwcn/pcie/pcie_pm.h	COPY	new:sprd
./drivers/unisoc_platform/sprdwcn/platform/Kconfig	COPY	new:sprd
./drivers/unisoc_platform/sprdwcn/platform/Makefile	COPY	new:sprd
./drivers/unisoc_platform/sprdwcn/platform/bufring.c	COPY	new:sprd
./drivers/unisoc_platform/sprdwcn/platform/bufring.h	COPY	new:sprd
./drivers/unisoc_platform/sprdwcn/platform/gnss/gnss.c	COPY	new:sprd
./drivers/unisoc_platform/sprdwcn/platform/gnss/gnss.h	COPY	new:sprd
./drivers/unisoc_platform/sprdwcn/platform/gnss/gnss_common.h	COPY	new:sprd
./drivers/unisoc_platform/sprdwcn/platform/gnss_dump.c	COPY	new:sprd
./drivers/unisoc_platform/sprdwcn/platform/gnss_dump.h	COPY	new:sprd
./drivers/unisoc_platform/sprdwcn/platform/loopcheck.c	COPY	new:sprd
./drivers/unisoc_platform/sprdwcn/platform/loopcheck.h	COPY	new:sprd
./drivers/unisoc_platform/sprdwcn/platform/mdbg_type.h	COPY	new:sprd
./drivers/unisoc_platform/sprdwcn/platform/mem_pd_mgr.c	COPY	new:sprd
./drivers/unisoc_platform/sprdwcn/platform/mem_pd_mgr.h	COPY	new:sprd
./drivers/unisoc_platform/sprdwcn/platform/reset.c	COPY	new:sprd
./drivers/unisoc_platform/sprdwcn/platform/reset.h	COPY	new:sprd
./drivers/unisoc_platform/sprdwcn/platform/reset_test.c	COPY	new:sprd
./drivers/unisoc_platform/sprdwcn/platform/rf/rf.c	COPY	new:sprd
./drivers/unisoc_platform/sprdwcn/platform/rf/rf.h	COPY	new:sprd
./drivers/unisoc_platform/sprdwcn/platform/sysfs.c	COPY	new:sprd
./drivers/unisoc_platform/sprdwcn/platform/sysfs.h	COPY	new:sprd
./drivers/unisoc_platform/sprdwcn/platform/wcn_boot.c	COPY	new:sprd
./drivers/unisoc_platform/sprdwcn/platform/wcn_boot.h	COPY	new:sprd
./drivers/unisoc_platform/sprdwcn/platform/wcn_ca_trusty.c	COPY	new:sprd
./drivers/unisoc_platform/sprdwcn/platform/wcn_ca_trusty.h	COPY	new:sprd
./drivers/unisoc_platform/sprdwcn/platform/wcn_debugfs.c	COPY	new:sprd
./drivers/unisoc_platform/sprdwcn/platform/wcn_dump.c	COPY	new:sprd
./drivers/unisoc_platform/sprdwcn/platform/wcn_dump.h	COPY	new:sprd
./drivers/unisoc_platform/sprdwcn/platform/wcn_dump_integrate.c	COPY	new:sprd
./drivers/unisoc_platform/sprdwcn/platform/wcn_dump_integrate.h	COPY	new:sprd
./drivers/unisoc_platform/sprdwcn/platform/wcn_gnss.h	COPY	new:sprd
./drivers/unisoc_platform/sprdwcn/platform/wcn_gnss_dump.c	COPY	new:sprd
./drivers/unisoc_platform/sprdwcn/platform/wcn_gnss_dump.h	COPY	new:sprd
./drivers/unisoc_platform/sprdwcn/platform/wcn_log.c	COPY	new:sprd
./drivers/unisoc_platform/sprdwcn/platform/wcn_log.h	COPY	new:sprd
./drivers/unisoc_platform/sprdwcn/platform/wcn_misc.c	COPY	new:sprd
./drivers/unisoc_platform/sprdwcn/platform/wcn_misc.h	COPY	new:sprd
./drivers/unisoc_platform/sprdwcn/platform/wcn_op.c	COPY	new:sprd
./drivers/unisoc_platform/sprdwcn/platform/wcn_op.h	COPY	new:sprd
./drivers/unisoc_platform/sprdwcn/platform/wcn_parn_parser.c	COPY	new:sprd
./drivers/unisoc_platform/sprdwcn/platform/wcn_parn_parser.h	COPY	new:sprd
./drivers/unisoc_platform/sprdwcn/platform/wcn_procfs.c	COPY	new:sprd
./drivers/unisoc_platform/sprdwcn/platform/wcn_procfs.h	COPY	new:sprd
./drivers/unisoc_platform/sprdwcn/platform/wcn_swd_dap.c	COPY	new:sprd
./drivers/unisoc_platform/sprdwcn/platform/wcn_swd_dap.h	COPY	new:sprd
./drivers/unisoc_platform/sprdwcn/platform/wcn_txrx.c	COPY	new:sprd
./drivers/unisoc_platform/sprdwcn/platform/wcn_txrx.h	COPY	new:sprd
./drivers/unisoc_platform/sprdwcn/sdio/Kconfig	COPY	new:sprd
./drivers/unisoc_platform/sprdwcn/sdio/Makefile	COPY	new:sprd
./drivers/unisoc_platform/sprdwcn/sdio/sdiohal.h	COPY	new:sprd
./drivers/unisoc_platform/sprdwcn/sdio/sdiohal_common.c	COPY	new:sprd
./drivers/unisoc_platform/sprdwcn/sdio/sdiohal_if.c	COPY	new:sprd
./drivers/unisoc_platform/sprdwcn/sdio/sdiohal_main.c	COPY	new:sprd
./drivers/unisoc_platform/sprdwcn/sdio/sdiohal_rx.c	COPY	new:sprd
./drivers/unisoc_platform/sprdwcn/sdio/sdiohal_tx.c	COPY	new:sprd
./drivers/unisoc_platform/sprdwcn/sipc/Kconfig	COPY	new:sprd
./drivers/unisoc_platform/sprdwcn/sipc/Makefile	COPY	new:sprd
./drivers/unisoc_platform/sprdwcn/sipc/wcn_sipc.c	COPY	new:sprd
./drivers/unisoc_platform/sprdwcn/sipc/wcn_sipc.h	COPY	new:sprd
./drivers/unisoc_platform/sprdwcn/sleep/Kconfig	COPY	new:sprd
./drivers/unisoc_platform/sprdwcn/sleep/Makefile	COPY	new:sprd
./drivers/unisoc_platform/sprdwcn/sleep/sdio_int.c	COPY	new:sprd
./drivers/unisoc_platform/sprdwcn/sleep/sdio_int.h	COPY	new:sprd
./drivers/unisoc_platform/sprdwcn/sleep/slp_dbg.h	COPY	new:sprd
./drivers/unisoc_platform/sprdwcn/sleep/slp_mgr.c	COPY	new:sprd
./drivers/unisoc_platform/sprdwcn/sleep/slp_mgr.h	COPY	new:sprd
./drivers/unisoc_platform/sprdwcn/sleep/slp_sdio.c	COPY	new:sprd
./drivers/unisoc_platform/sprdwcn/sleep/slp_sdio.h	COPY	new:sprd
./drivers/unisoc_platform/sprdwcn/sleep/slp_test.c	COPY	new:sprd
./drivers/unisoc_platform/sprdwcn/sprd_wcn.c	COPY	new:sprd
./drivers/unisoc_platform/sprdwcn/wcn_bus.c	COPY	new:sprd
./drivers/unisoc_platform/sysdump/Kconfig	COPY	new:sprd
./drivers/unisoc_platform/sysdump/Makefile	COPY	new:sprd
./drivers/unisoc_platform/sysdump/hang_monitor.c	COPY	new:sprd
./drivers/unisoc_platform/sysdump/last_kmsg.c	COPY	new:sprd
./drivers/unisoc_platform/sysdump/native_hang_monitor.h	COPY	new:sprd
./drivers/unisoc_platform/sysdump/sprd_modules_notify.c	COPY	new:sprd
./drivers/unisoc_platform/sysdump/sysdump.h	COPY	new:sprd
./drivers/unisoc_platform/sysdump/sysdump32.h	COPY	new:sprd
./drivers/unisoc_platform/sysdump/sysdump64.h	COPY	new:sprd
./drivers/unisoc_platform/sysdump/sysdump_x86_64.h	COPY	new:sprd
./drivers/unisoc_platform/sysdump/sysdumpdb.h	COPY	new:sprd
./drivers/unisoc_platform/sysdump/unisoc_dump_info.c	COPY	new:sprd
./drivers/unisoc_platform/sysdump/unisoc_dump_info.h	COPY	new:sprd
./drivers/unisoc_platform/sysdump/unisoc_dump_io.c	COPY	new:sprd
./drivers/unisoc_platform/sysdump/unisoc_dump_io.h	COPY	new:sprd
./drivers/unisoc_platform/sysdump/unisoc_sysdump.c	COPY	new:sprd
./drivers/unisoc_platform/sysdump/unisoc_sysdump.h	COPY	new:sprd
./drivers/unisoc_platform/sysdump/unisoc_vmcoreinfo.c	COPY	new:sprd
./drivers/unisoc_platform/sysdump/unisoc_vmcoreinfo.h	COPY	new:sprd
./drivers/unisoc_platform/thermal/Kconfig	COPY	new:sprd
./drivers/unisoc_platform/thermal/Makefile	COPY	new:sprd
./drivers/unisoc_platform/thermal/sprd_cpu_cooling.c	COPY	new:sprd
./drivers/unisoc_platform/thermal/sprd_gpu_cooling.c	COPY	new:sprd
./drivers/unisoc_platform/thermal/sprd_npu_cooling.c	COPY	new:sprd
./drivers/unisoc_platform/thermal/sprd_soc_thm.c	COPY	new:sprd
./drivers/unisoc_platform/thermal/sprd_thermal_core.c	COPY	new:sprd
./drivers/unisoc_platform/usbpinmux/Kconfig	COPY	new:sprd
./drivers/unisoc_platform/usbpinmux/Makefile	COPY	new:sprd
./drivers/unisoc_platform/usbpinmux/sprd_usbpinmux.c	COPY	new:sprd
./drivers/unisoc_platform/userlog/Kconfig	COPY	new:sprd
./drivers/unisoc_platform/userlog/Makefile	COPY	new:sprd
./drivers/unisoc_platform/userlog/unisoc_userlog.c	COPY	new:sprd
./drivers/unisoc_platform/userlog/unisoc_userlog.h	COPY	new:sprd
./drivers/usb/dwc3/Kconfig	WIRING	kbuild:unisoc-marker
./drivers/usb/dwc3/Makefile	WIRING	kbuild:unisoc-marker
./drivers/usb/dwc3/dwc3-sprd.c	COPY	new:sprd
./drivers/usb/dwc3/sprd/Makefile	COPY	new:sprd
./drivers/usb/dwc3/sprd/core.c	COPY	new:sprd
./drivers/usb/dwc3/sprd/core.h	COPY	new:sprd
./drivers/usb/dwc3/sprd/debug.h	COPY	new:sprd
./drivers/usb/dwc3/sprd/debugfs.c	COPY	new:sprd
./drivers/usb/dwc3/sprd/drd.c	COPY	new:sprd
./drivers/usb/dwc3/sprd/ep0.c	COPY	new:sprd
./drivers/usb/dwc3/sprd/gadget.c	COPY	new:sprd
./drivers/usb/dwc3/sprd/gadget.h	COPY	new:sprd
./drivers/usb/dwc3/sprd/host.c	COPY	new:sprd
./drivers/usb/dwc3/sprd/io.h	COPY	new:sprd
./drivers/usb/dwc3/sprd/trace.c	COPY	new:sprd
./drivers/usb/dwc3/sprd/trace.h	COPY	new:sprd
./drivers/usb/gadget/Kconfig	WIRING	kbuild:unisoc-marker
./drivers/usb/gadget/function/Makefile	WIRING	kbuild:unisoc-marker
./drivers/usb/gadget/function/f_vserial.c	COPY	new:copy
./drivers/usb/gadget/function/sprd_f_rndis.c	COPY	new:sprd
./drivers/usb/gadget/function/sprd_f_serial.c	COPY	new:sprd
./drivers/usb/gadget/function/sprd_rndis.c	COPY	new:sprd
./drivers/usb/gadget/function/sprd_rndis.h	COPY	new:sprd
./drivers/usb/gadget/function/sprd_u_ether.c	COPY	new:sprd
./drivers/usb/gadget/function/sprd_u_ether.h	COPY	new:sprd
./drivers/usb/gadget/function/sprd_u_ether_configfs.h	COPY	new:sprd
./drivers/usb/gadget/function/sprd_u_serial.c	COPY	new:sprd
./drivers/usb/gadget/function/sprd_u_serial.h	COPY	new:sprd
./drivers/usb/misc/Kconfig	WIRING	kbuild:unisoc-marker
./drivers/usb/misc/Makefile	WIRING	kbuild:unisoc-marker
./drivers/usb/misc/sprd-pamu3.c	COPY	new:sprd
./drivers/usb/misc/sprd-pamu3.h	COPY	new:sprd
./drivers/usb/misc/sprd_usbm.c	COPY	new:sprd
./drivers/usb/musb/Kconfig	WIRING	kbuild:unisoc-marker
./drivers/usb/musb/Makefile	WIRING	kbuild:unisoc-marker
./drivers/usb/musb/musb_sprd.c	COPY	new:sprd
./drivers/usb/musb/sprd_musbhsdma.c	COPY	new:sprd
./drivers/usb/musb/sprd_musbhsdma.h	COPY	new:sprd
./drivers/usb/phy/Kconfig	WIRING	kbuild:unisoc-marker
./drivers/usb/phy/Makefile	WIRING	kbuild:unisoc-marker
./drivers/usb/phy/phy-sprd-commonphy.c	COPY	new:sprd
./drivers/usb/phy/phy-sprd-dummy.c	COPY	new:sprd
./drivers/usb/phy/phy-sprd-pike2.c	COPY	new:sprd
./drivers/usb/phy/phy-sprd-qogirl6.c	COPY	new:sprd
./drivers/usb/phy/phy-sprd-qogirn6lite.c	COPY	new:sprd
./drivers/usb/phy/phy-sprd-qogirn6pro.c	COPY	new:sprd
./drivers/usb/phy/phy-sprd-sharkl3.c	COPY	new:sprd
./drivers/usb/phy/phy-sprd-sharkl5.c	COPY	new:sprd
./drivers/usb/phy/phy-sprd-sharkle.c	COPY	new:sprd
./drivers/usb/phy/phy-sprd-ums512.c	COPY	new:sprd
./drivers/usb/phy/phy-sprd-usb31-qogirn6pro.c	COPY	new:sprd
./drivers/usb/phy/ptn38003a-i2c.c	COPY	new:copy
./drivers/usb/phy/ptn38003a-i2c.h	COPY	new:copy
./drivers/usb/phy/sprd-bc1p2.c	COPY	new:sprd
./drivers/usb/typec/Kconfig	WIRING	kbuild:unisoc-marker
./drivers/usb/typec/Makefile	WIRING	kbuild:unisoc-marker
./drivers/usb/typec/altmodes/Kconfig	WIRING	kbuild:unisoc-marker
./drivers/usb/typec/altmodes/Makefile	WIRING	kbuild:unisoc-marker
./drivers/usb/typec/altmodes/sprd_displayport.c	COPY	new:sprd
./drivers/usb/typec/altmodes/sprd_displayport.h	COPY	new:sprd
./drivers/usb/typec/sc27xx_typec.c	COPY	new:sprd
./drivers/usb/typec/tcpm/Kconfig	WIRING	kbuild:unisoc-marker
./drivers/usb/typec/tcpm/Makefile	WIRING	kbuild:unisoc-marker
./drivers/usb/typec/tcpm/sc27xx_pd.c	COPY	new:sprd
./drivers/usb/typec/tcpm/sprd_tcpm.c	COPY	new:sprd
./drivers/usb/typec/virtual_typec.c	COPY	new:copy
./drivers/watchdog/Kconfig	WIRING	kbuild:unisoc-marker
./drivers/watchdog/Makefile	WIRING	kbuild:unisoc-marker
./drivers/watchdog/sprd_pmic_wdt.c	COPY	new:sprd
./drivers/watchdog/sprd_wdt.c	USE-MOTO	common:sprd
./drivers/watchdog/sprd_wdt_fiq.c	COPY	new:sprd
./include/drm/gsp_cfg.h	COPY	new:copy
./include/drm/gsp_lite_r2p0_cfg.h	COPY	new:copy
./include/drm/gsp_lite_r3p0_cfg.h	COPY	new:copy
./include/drm/gsp_lite_r4p0_cfg.h	COPY	new:copy
./include/drm/gsp_r6p0_cfg.h	COPY	new:copy
./include/drm/gsp_r8p0_cfg.h	COPY	new:copy
./include/drm/gsp_r9p0_cfg.h	COPY	new:copy
./include/dt-bindings/clock/sprd,sc7731e-clk.h	COPY	new:sprd
./include/dt-bindings/clock/sprd,sc9832e-clk.h	COPY	new:sprd
./include/dt-bindings/clock/sprd,sc9863a-clk.h	USE-MOTO	common:sprd
./include/dt-bindings/clock/sprd,udx710-clk.h	COPY	new:sprd
./include/dt-bindings/clock/sprd,uis8520-clk.h	COPY	new:sprd
./include/dt-bindings/clock/sprd,ums312-clk.h	COPY	new:sprd
./include/dt-bindings/clock/sprd,ums512-clk.h	COPY	new:sprd
./include/dt-bindings/clock/sprd,ums9230-clk.h	COPY	new:sprd
./include/dt-bindings/clock/sprd,ums9620-clk.h	COPY	new:sprd
./include/dt-bindings/clock/sprd,ums9621-clk.h	COPY	new:sprd
./include/dt-bindings/debug/busmonitor/busmonitor.h	COPY	new:copy
./include/dt-bindings/debug/common.h	COPY	new:copy
./include/dt-bindings/debug/dmc_mpu/qogirl6_dmc_mpu.h	COPY	new:copy
./include/dt-bindings/debug/dmc_mpu/sharkl3_dmc_mpu.h	COPY	new:sprd
./include/dt-bindings/debug/dmc_mpu/sharkl5_dmc_mpu.h	COPY	new:sprd
./include/dt-bindings/mfd/sprd,sc2730-mask.h	COPY	new:sprd
./include/dt-bindings/mfd/sprd,sc2730-regs.h	COPY	new:sprd
./include/dt-bindings/mfd/sprd,ump9620-mask.h	COPY	new:sprd
./include/dt-bindings/mfd/sprd,ump9620-regs.h	COPY	new:sprd
./include/dt-bindings/pinctrl/pinctrl-sprd.h	COPY	new:sprd
./include/dt-bindings/reset/sprd,sc7731e-reset.h	COPY	new:sprd
./include/dt-bindings/reset/sprd,sc9832e-reset.h	COPY	new:sprd
./include/dt-bindings/reset/sprd,sc9863a-reset.h	COPY	new:sprd
./include/dt-bindings/reset/sprd,udx710-reset.h	COPY	new:sprd
./include/dt-bindings/reset/sprd,uis8520-reset.h	COPY	new:sprd
./include/dt-bindings/reset/sprd,ums312-reset.h	COPY	new:sprd
./include/dt-bindings/reset/sprd,ums512-reset.h	COPY	new:sprd
./include/dt-bindings/reset/sprd,ums9230-reset.h	COPY	new:sprd
./include/dt-bindings/reset/sprd,ums9620-reset.h	COPY	new:sprd
./include/dt-bindings/reset/sprd,ums9621-reset.h	COPY	new:sprd
./include/dt-bindings/soc/sprd,orca-mask.h	COPY	new:sprd
./include/dt-bindings/soc/sprd,orca-regs.h	COPY	new:sprd
./include/dt-bindings/soc/sprd,pike2-mask.h	COPY	new:sprd
./include/dt-bindings/soc/sprd,pike2-regs.h	COPY	new:sprd
./include/dt-bindings/soc/sprd,qogirl6-mask.h	COPY	new:sprd
./include/dt-bindings/soc/sprd,qogirl6-regs.h	COPY	new:sprd
./include/dt-bindings/soc/sprd,qogirn6lite-mask.h	COPY	new:sprd
./include/dt-bindings/soc/sprd,qogirn6lite-regs.h	COPY	new:sprd
./include/dt-bindings/soc/sprd,qogirn6pro-mask.h	COPY	new:sprd
./include/dt-bindings/soc/sprd,qogirn6pro-regs.h	COPY	new:sprd
./include/dt-bindings/soc/sprd,sharkl3-mask.h	COPY	new:sprd
./include/dt-bindings/soc/sprd,sharkl3-regs.h	COPY	new:sprd
./include/dt-bindings/soc/sprd,sharkl5-mask.h	COPY	new:sprd
./include/dt-bindings/soc/sprd,sharkl5-regs.h	COPY	new:sprd
./include/dt-bindings/soc/sprd,sharkl5pro-mask.h	COPY	new:sprd
./include/dt-bindings/soc/sprd,sharkl5pro-regs.h	COPY	new:sprd
./include/dt-bindings/soc/sprd,sharkle-mask.h	COPY	new:sprd
./include/dt-bindings/soc/sprd,sharkle-regs.h	COPY	new:sprd
./include/dt-bindings/soc/sprd,uis8520-mask.h	COPY	new:sprd
./include/dt-bindings/soc/sprd,uis8520-regs.h	COPY	new:sprd
./include/dt-bindings/sound/sprd,sprd-dai.h	COPY	new:sprd
./include/linux/apsys_dvfs.h	COPY	new:copy
./include/linux/cpuidle-sprd.h	COPY	new:sprd
./include/linux/ion.h	COPY	new:copy
./include/linux/mm/emem.h	COPY	new:copy
./include/linux/pcie-rc-sprd.h	COPY	new:sprd
./include/linux/platform_data/sprd_ump96xx_tsensor.h	COPY	new:sprd
./include/linux/power/bq25970_reg.h	COPY	new:copy
./include/linux/power/hl7139_reg.h	COPY	new:copy
./include/linux/power/sc8541_reg.h	COPY	new:copy
./include/linux/power/sc8549_reg.h	COPY	new:copy
./include/linux/power/sc8551_reg.h	COPY	new:copy
./include/linux/power/sgm41511_reg.h	COPY	new:copy
./include/linux/power/sgm41513_reg.h	COPY	new:copy
./include/linux/power/sgm41516_reg.h	COPY	new:copy
./include/linux/power/sprd-bc1p2.h	COPY	new:sprd
./include/linux/power/sprd_battery_info.h	COPY	new:sprd
./include/linux/power/sprd_fchg_extcon.h	COPY	new:sprd
./include/linux/power/sprd_fuel_gauge_core.h	COPY	new:sprd
./include/linux/power/sprd_vchg_detect.h	COPY	new:sprd
./include/linux/power/sprd_vote.h	COPY	new:sprd
./include/linux/power/upm6710_reg.h	COPY	new:copy
./include/linux/rpmb.h	COPY	new:copy
./include/linux/sipa.h	COPY	new:copy
./include/linux/sipc.h	COPY	new:copy
./include/linux/soc/sprd/hwfeature.h	COPY	new:sprd
./include/linux/soc/sprd/sfp.h	COPY	new:sprd
./include/linux/soc/sprd/sprd_musb_adaptive.h	COPY	new:sprd
./include/linux/soc/sprd/sprd_musb_offload.h	COPY	new:sprd
./include/linux/soc/sprd/sprd_pdbg.h	COPY	new:sprd
./include/linux/soc/sprd/sprd_systimer.h	COPY	new:sprd
./include/linux/soc/sprd/sprd_time_sync.h	COPY	new:sprd
./include/linux/soc/sprd/sprd_usbpinmux.h	COPY	new:sprd
./include/linux/soc/sprd/ursp.h	COPY	new:sprd
./include/linux/sprd_dmabuf.h	COPY	new:sprd
./include/linux/sprd_iommu.h	COPY	new:sprd
./include/linux/sprd_ion.h	COPY	new:sprd
./include/linux/sprd_pmic.h	COPY	new:sprd
./include/linux/sprd_sip_svc.h	COPY	new:sprd
./include/linux/sprd_soc_id.h	COPY	new:sprd
./include/linux/sprd_wdt_fiq.h	COPY	new:sprd
./include/linux/trusty/smcall.h	REVIEW	new:review
./include/linux/trusty/trusty_ipc.h	REVIEW	new:review
./include/linux/trusty/trusty_tui.h	REVIEW	new:review
./include/linux/unisoc_gpu_cooling.h	COPY	new:sprd
./include/linux/unisoc_npu_cooling.h	COPY	new:sprd
./include/linux/unisoc_vd_def.h	COPY	new:sprd
./include/linux/usb/pam.h	COPY	new:copy
./include/linux/usb/sprd_commonphy.h	COPY	new:sprd
./include/linux/usb/sprd_pd.h	COPY	new:sprd
./include/linux/usb/sprd_pd_ado.h	COPY	new:sprd
./include/linux/usb/sprd_pd_bdo.h	COPY	new:sprd
./include/linux/usb/sprd_pd_ext_sdb.h	COPY	new:sprd
./include/linux/usb/sprd_pd_vdo.h	COPY	new:sprd
./include/linux/usb/sprd_tcpm.h	COPY	new:sprd
./include/linux/usb/sprd_typec.h	COPY	new:sprd
./include/linux/usb/sprd_usbm.h	COPY	new:sprd
./include/misc/marlin_platform.h	COPY	new:copy
./include/misc/mchn.h	COPY	new:copy
./include/misc/wcn_bus.h	COPY	new:copy
./include/misc/wcn_integrate_platform.h	COPY	new:copy
./include/sound/sprd-dp-codec.h	COPY	new:sprd
./include/trace/events/process_reclaim.h	COPY	new:copy
./include/trace/events/smccall.h	COPY	new:copy
./include/uapi/drm/gsp_cfg.h	COPY	new:copy
./include/uapi/drm/gsp_lite_r2p0_cfg.h	COPY	new:copy
./include/uapi/drm/gsp_lite_r3p0_cfg.h	COPY	new:copy
./include/uapi/drm/gsp_lite_r4p0_cfg.h	COPY	new:copy
./include/uapi/drm/gsp_r6p0_cfg.h	COPY	new:copy
./include/uapi/drm/gsp_r8p0_cfg.h	COPY	new:copy
./include/uapi/drm/gsp_r9p0_cfg.h	COPY	new:copy
./include/uapi/drm/sprd_drm_gsp.h	COPY	new:sprd
./include/uapi/linux/autotest.h	COPY	new:copy
./include/uapi/linux/ims_bridge/ims_bridge.h	COPY	new:copy
./include/uapi/linux/ion.h	COPY	new:copy
./include/uapi/linux/rpmb.h	COPY	new:copy
./include/uapi/linux/sprd_dmabuf.h	COPY	new:sprd
./include/uapi/linux/sprd_ion.h	COPY	new:sprd
./include/uapi/sound/sprd_audiodsp_ioctl.h	COPY	new:sprd
./lib/e_show_mem.c	COPY	new:copy
./mm/Kconfig	WIRING	kbuild:unisoc-marker
./mm/Makefile	WIRING	kbuild:unisoc-marker
./mm/emem.c	COPY	new:copy
./mm/process_reclaim.c	COPY	new:copy
./net/Kconfig	WIRING	kbuild:unisoc-marker
./net/Makefile	WIRING	kbuild:unisoc-marker
./net/ipv4/fou.c	SKIP	new:skip
./net/sched/sch_atm.c	SKIP	new:skip
./net/sched/sch_cbq.c	SKIP	new:skip
./net/sched/sch_dsmark.c	SKIP	new:skip
./net/sprd_net/Kconfig	COPY	new:sprd
./net/sprd_net/Makefile	COPY	new:sprd
./net/sprd_net/ip6_addr_obtain.c	COPY	new:sprd
./ramboot/moto_mm/Android.mk	SKIP	new:skip
./ramboot/moto_mm/Kbuild	SKIP	new:skip
./ramboot/moto_mm/Kconfig	SKIP	new:skip
./ramboot/moto_mm/Makefile	SKIP	new:skip
./ramboot/moto_mm/mm_common.h	SKIP	new:skip
./ramboot/moto_mm/mm_info.c	SKIP	new:skip
./ramboot/moto_mm/mm_lru_shrinker.c	SKIP	new:skip
./ramboot/moto_mm/mm_main.c	SKIP	new:skip
./ramboot/moto_mm/mm_sysfs.c	SKIP	new:skip
./ramboot/moto_mmap_fault/Android.mk	SKIP	new:skip
./ramboot/moto_mmap_fault/Kbuild	SKIP	new:skip
./ramboot/moto_mmap_fault/Makefile	SKIP	new:skip
./ramboot/moto_mmap_fault/moto_mmap_fault.c	SKIP	new:skip
./ramboot/moto_swap/Android.mk	SKIP	new:skip
./ramboot/moto_swap/Kbuild	SKIP	new:skip
./ramboot/moto_swap/Kconfig	SKIP	new:skip
./ramboot/moto_swap/Makefile	SKIP	new:skip
./ramboot/moto_swap/hybridswap/hybridswap.h	SKIP	new:skip
./ramboot/moto_swap/hybridswap/hybridswap_eswap.c	SKIP	new:skip
./ramboot/moto_swap/hybridswap/hybridswap_internal.h	SKIP	new:skip
./ramboot/moto_swap/hybridswap/hybridswap_main.c	SKIP	new:skip
./ramboot/moto_swap/hybridswap/hybridswap_swapd.c	SKIP	new:skip
./ramboot/moto_swap/zram-5.15/zcomp.c	SKIP	new:skip
./ramboot/moto_swap/zram-5.15/zcomp.h	SKIP	new:skip
./ramboot/moto_swap/zram-5.15/zram_drv.c	SKIP	new:skip
./ramboot/moto_swap/zram-5.15/zram_drv.h	SKIP	new:skip
./ramboot/moto_swap/zram-5.15/zram_drv_internal.h	SKIP	new:skip
./scripts/Makefile.dtbo	COPY	new:copy
./scripts/sprd_diffconfig	COPY	new:sprd
./scripts/unisoc/check_abi_order.py	COPY	new:sprd
./scripts/unisoc/check_commit-message.py	COPY	new:sprd
./scripts/unisoc/check_fragment-consistency.py	COPY	new:sprd
./scripts/unisoc/check_gki_stable.sh	COPY	new:sprd
./scripts/unisoc/check_intrusive_gki.sh	COPY	new:sprd
./scripts/unisoc/get_kernel_path.sh	COPY	new:sprd
./scripts/unisoc/guidance.txt	COPY	new:sprd
./scripts/unisoc/sprd_fragment_update.sh	COPY	new:sprd
